,Addresses,Token,Blockchain_1,Blockchain_2,Blockchain_3,TxID_1,TxID_2
0,0xcdb549d3c5cbe0ffbb838e67529bf6cbffa75fe1,USDC,Fantom,BNB CHAIN,Fantom,620fbf2711d45e0a49670b6d,620fccbf11d45e0a49671096
1,0xcdb549d3c5cbe0ffbb838e67529bf6cbffa75fe1,BIFI,Fantom,BNB CHAIN,Polygon,6212528c9e1cf703a57a72d8,6212569e11d45e0a49688f03
2,0xcdb549d3c5cbe0ffbb838e67529bf6cbffa75fe1,ALPACA,Fantom,BNB CHAIN,Fantom,620f801311d45e0a4966f70a,620f866a11d45e0a4966f875
3,0xcdb549d3c5cbe0ffbb838e67529bf6cbffa75fe1,WOO,BNB CHAIN,Fantom,BNB CHAIN,62125d5811d45e0a4968927e,6212638011d45e0a496893f9
4,0x2b42affd4b7c14d9b7c2579229495c052672ccd3,USDC,Fantom,BNB CHAIN,Fantom,62093482d3ea681f35eb8cdf,62093c07d3ea681f35eb8e2b
5,0x2b42affd4b7c14d9b7c2579229495c052672ccd3,USDC,BNB CHAIN,Fantom,Polygon,62093c07d3ea681f35eb8e2b,6209487bd3ea681f35eb9073
6,0x8537307810fc40f4073a12a38554d4ff78efff41,USDC,Polygon,Avalanche,Polygon,6211cdea9e1cf703a57a5e28,6211d6299e1cf703a57a5f2b
7,0x8537307810fc40f4073a12a38554d4ff78efff41,USDC,Avalanche,Polygon,BNB CHAIN,6211d6299e1cf703a57a5f2b,6211d8109e1cf703a57a5f61
8,0x06bec9e10eb9253b114a1a38b99f31c9184c317f,USDC,BNB CHAIN,Fantom,Polygon,6210ace49e1cf703a57a35df,6210af3b9e1cf703a57a362d
9,0x9db3f57cc9069dd4307b6a73a752f08fb82f988c,MIM,Fantom,BNB CHAIN,Fantom,6209ac49d3ea681f35eba093,6209b4f0d3ea681f35eba19e
10,0x9db3f57cc9069dd4307b6a73a752f08fb82f988c,USDC,BNB CHAIN,Fantom,Avalanche,6211d7959e1cf703a57a5f56,6211d7d39e1cf703a57a5f5b
11,0x9db3f57cc9069dd4307b6a73a752f08fb82f988c,USDC,Avalanche,Fantom,BNB CHAIN,6211ea4a9e1cf703a57a624a,6211eb039e1cf703a57a625d
12,0x5a9fd7c39a6c488e715437d7b1f3c823d5596ed1,USDC,Polygon,Fantom,BNB CHAIN,621000e49e1cf703a57a216f,621006f49e1cf703a57a224e
13,0x5a9fd7c39a6c488e715437d7b1f3c823d5596ed1,ETH,Polygon,Avalanche,BNB CHAIN,620f75a29e1cf703a57a0acc,620f7ec59e1cf703a57a0c55
14,0x5a9fd7c39a6c488e715437d7b1f3c823d5596ed1,USDT,Ethereum,Polygon,BNB CHAIN,6210e0b39e1cf703a57a3c5b,6210e3c89e1cf703a57a3cc5
15,0x5a9fd7c39a6c488e715437d7b1f3c823d5596ed1,DAI,Polygon,BNB CHAIN,Fantom,621204ca9e1cf703a57a6680,62120b999e1cf703a57a6775
16,0xb28de84bd7cf6541060b90787d5e81c7039600d2,USDC,Fantom,Avalanche,Fantom,620c243dd3ea681f35ec0066,620c2bad854f936fad899fc8
17,0x34327028c727613872cd80122b9a489a4b9c0bfa,DERC,Polygon,BNB CHAIN,Polygon,620d65b73c8253c5fb8bb40d,620d67883c8253c5fb8bb468
18,0x1c94f4d7cf577ae410d8a80300af0377fbe6b222,BNB,Fantom,BNB CHAIN,Fantom,620d07c6d3ea681f35ec2150,620d087cd3ea681f35ec2167
19,0x1c94f4d7cf577ae410d8a80300af0377fbe6b222,BNB,BNB CHAIN,Fantom,BNB CHAIN,620d087cd3ea681f35ec2167,620d1435d3ea681f35ec23b9
20,0x7fa13526c6b6513d2599c4b6083ba4efe97950b8,MIM,Fantom,Avalanche,Fantom,620f26636e600401c2649c9a,620f29606e600401c2649d00
21,0x0464d1871930ba0aa1b398fb28ab348f6b7caffe,USDC,Fantom,Polygon,Fantom,6211b3e29e1cf703a57a5b0d,6211b7b29e1cf703a57a5b7f
22,0x7a505df95aac78f142ca98cecd771d3c398b4b71,GEMG,BNB CHAIN,Polygon,BNB CHAIN,620923622219a24b7e94b253,620925922219a24b7e94b379
23,0xbd9e8e2bad7c6bb4dd6d8910c317d04eb5c6c618,USDT,BNB CHAIN,Fantom,Avalanche,620dfcd89e7d5ed1f4f40e85,620e03b29e7d5ed1f4f40fa0
24,0x3e972c4859a1fc8a25b13b4bbc38e57eb8621645,BIFI,BNB CHAIN,Avalanche,BNB CHAIN,620c77a2d3ea681f35ec0d63,620c77dfd3ea681f35ec0d6f
25,0x3e972c4859a1fc8a25b13b4bbc38e57eb8621645,GCAKE,Ethereum,BNB CHAIN,Ethereum,620ccd69d3ea681f35ec18c2,620ccde3d3ea681f35ec18de
26,0x3e972c4859a1fc8a25b13b4bbc38e57eb8621645,KAE,Fantom,Ethereum,Fantom,62099a75d3ea681f35eb9e75,62099b62d3ea681f35eb9e9a
27,0x3e972c4859a1fc8a25b13b4bbc38e57eb8621645,FABRIC,Ethereum,BNB CHAIN,Ethereum,6212eb229e1cf703a57a8a5d,6212eb9c9e1cf703a57a8a73
28,0x3e972c4859a1fc8a25b13b4bbc38e57eb8621645,FABRIC,Ethereum,BNB CHAIN,Ethereum,62134ec39e1cf703a57a9587,62134eff9e1cf703a57a9598
29,0x3e972c4859a1fc8a25b13b4bbc38e57eb8621645,FABRIC,BNB CHAIN,Ethereum,BNB CHAIN,62134eff9e1cf703a57a9598,62134f789e1cf703a57a95bc
30,0x3e972c4859a1fc8a25b13b4bbc38e57eb8621645,RDT,Ethereum,BNB CHAIN,Ethereum,620b8db6d3ea681f35ebe53f,620b8e30d3ea681f35ebe555
31,0x3e972c4859a1fc8a25b13b4bbc38e57eb8621645,RDT,BNB CHAIN,Ethereum,BNB CHAIN,620b8e30d3ea681f35ebe555,620b8ea3d3ea681f35ebe56c
32,0x3e972c4859a1fc8a25b13b4bbc38e57eb8621645,SWAP,Ethereum,BNB CHAIN,Ethereum,620fa0839e1cf703a57a10f4,620fa4039e1cf703a57a1173
33,0x3e972c4859a1fc8a25b13b4bbc38e57eb8621645,SWAP,BNB CHAIN,Ethereum,BNB CHAIN,620fa4039e1cf703a57a1173,620fa43f9e1cf703a57a117c
34,0x3e972c4859a1fc8a25b13b4bbc38e57eb8621645,SWAP,Ethereum,BNB CHAIN,Ethereum,620fa43f9e1cf703a57a117c,620fa4b99e1cf703a57a118e
35,0x3e972c4859a1fc8a25b13b4bbc38e57eb8621645,FROYO,BNB CHAIN,Ethereum,BNB CHAIN,620e6d15dcf15fd1a4280b69,620e6eb9dcf15fd1a4280bac
36,0x3e972c4859a1fc8a25b13b4bbc38e57eb8621645,UMAD,BNB CHAIN,Ethereum,BNB CHAIN,620ffef99e1cf703a57a2125,621000229e1cf703a57a214e
37,0x3e972c4859a1fc8a25b13b4bbc38e57eb8621645,INV,Fantom,Ethereum,Fantom,6210cc889e1cf703a57a3992,6210cd019e1cf703a57a39a3
38,0x3e972c4859a1fc8a25b13b4bbc38e57eb8621645,INV,Ethereum,Fantom,Ethereum,6210cd019e1cf703a57a39a3,6210cd3e9e1cf703a57a39aa
39,0x8ef2686170eebb7ffc49aaf71c61d6160fc040b4,MATIC,Fantom,Polygon,Fantom,620c7d7bd3ea681f35ec0e39,620c82e1d3ea681f35ec0ef8
40,0x67ebc532d648e6164a6fd726ff0b39e69180dafe,USDT,BNB CHAIN,Polygon,BNB CHAIN,620b7ff7854f936fad89670b,620b840f854f936fad896886
41,0x67ebc532d648e6164a6fd726ff0b39e69180dafe,USDT,Polygon,BNB CHAIN,Polygon,620b840f854f936fad896886,620b8466854f936fad89689a
42,0x67ebc532d648e6164a6fd726ff0b39e69180dafe,DERC,Polygon,BNB CHAIN,Polygon,620a078a854f936fad88be25,620a08cd854f936fad88be8a
43,0x67ebc532d648e6164a6fd726ff0b39e69180dafe,DERC,BNB CHAIN,Polygon,BNB CHAIN,620a08cd854f936fad88be8a,620a102d854f936fad88bfc3
44,0x67ebc532d648e6164a6fd726ff0b39e69180dafe,DERC,Polygon,BNB CHAIN,Polygon,620a102d854f936fad88bfc3,620a1160854f936fad88bff7
45,0x67ebc532d648e6164a6fd726ff0b39e69180dafe,ETH,Avalanche,Fantom,Polygon,620a2d72854f936fad88c6ae,620a2cdd854f936fad88c6a1
46,0x67ebc532d648e6164a6fd726ff0b39e69180dafe,ETH,Fantom,Polygon,Fantom,620a2cdd854f936fad88c6a1,620a2dc2854f936fad88c6b6
47,0x67ebc532d648e6164a6fd726ff0b39e69180dafe,ICE,Ethereum,Polygon,Ethereum,620fc15911d45e0a49670c71,620fc4ea11d45e0a49670ddc
48,0x67ebc532d648e6164a6fd726ff0b39e69180dafe,MRFI,BNB CHAIN,Avalanche,BNB CHAIN,620c57f1854f936fad89b434,620c5daf854f936fad89b892
49,0x67ebc532d648e6164a6fd726ff0b39e69180dafe,MLT,BNB CHAIN,Ethereum,BNB CHAIN,620a8078854f936fad88df19,620a80dc854f936fad88df4a
50,0x67ebc532d648e6164a6fd726ff0b39e69180dafe,MLT,Ethereum,BNB CHAIN,Ethereum,620a80dc854f936fad88df4a,620a817d854f936fad88df9a
51,0x67ebc532d648e6164a6fd726ff0b39e69180dafe,FABRIC,BNB CHAIN,Ethereum,BNB CHAIN,620ab771854f936fad890ecd,620ab7f5854f936fad890f7e
52,0x67ebc532d648e6164a6fd726ff0b39e69180dafe,FABRIC,Ethereum,BNB CHAIN,Ethereum,620ab7f5854f936fad890f7e,620ab8ad854f936fad891079
53,0x67ebc532d648e6164a6fd726ff0b39e69180dafe,NFTY,BNB CHAIN,Ethereum,BNB CHAIN,620b8261854f936fad89682f,620b82dd854f936fad89684a
54,0x67ebc532d648e6164a6fd726ff0b39e69180dafe,ANKR,Ethereum,BNB CHAIN,Ethereum,620b9efa854f936fad897044,620b9f7d854f936fad89706a
55,0x67ebc532d648e6164a6fd726ff0b39e69180dafe,YEL,Fantom,Ethereum,Fantom,620d22fb3c8253c5fb8b9329,620d23553c8253c5fb8b9348
56,0x67ebc532d648e6164a6fd726ff0b39e69180dafe,B2M,Polygon,Ethereum,Polygon,621136df11d45e0a4967a915,6211381b11d45e0a4967aa3c
57,0x8039f3aa709fec29fdc5f075449b23ab609a6998,FABRIC,Ethereum,BNB CHAIN,Ethereum,620a298c854f936fad88c601,620a2a9ad3ea681f35ebb13e
58,0x8039f3aa709fec29fdc5f075449b23ab609a6998,WTF,BNB CHAIN,Avalanche,BNB CHAIN,6210efec9e1cf703a57a3ef2,6210f0659e1cf703a57a3f08
59,0x8039f3aa709fec29fdc5f075449b23ab609a6998,ALPACA,Fantom,BNB CHAIN,Fantom,620ecd6bdcf15fd1a4281b70,620edb03dcf15fd1a4281d5e
60,0x8039f3aa709fec29fdc5f075449b23ab609a6998,ALPACA,BNB CHAIN,Fantom,BNB CHAIN,620edb03dcf15fd1a4281d5e,620ee605dcf15fd1a4281edd
61,0x8039f3aa709fec29fdc5f075449b23ab609a6998,FROYO,BNB CHAIN,Ethereum,BNB CHAIN,620e6d2a62d48eee70ee1dfb,620e6e4f62d48eee70ee1f48
62,0x8039f3aa709fec29fdc5f075449b23ab609a6998,KST,Ethereum,BNB CHAIN,Ethereum,6210450d9e1cf703a57a29e8,621046ed9e1cf703a57a2a1d
63,0x7309b6a480e8c33fb75b5c770a0c9516e9507776,USV,Ethereum,Avalanche,Polygon,620e750262d48eee70ee274c,620e7bd862d48eee70ee2dbc
64,0x60e81aac6ce31d84121732362c9855ae1a9f09f3,STORE,Ethereum,BNB CHAIN,Ethereum,62092b592219a24b7e94b545,62092c752219a24b7e94b55a
65,0x97d74a0afda3b71339d4d3c23cdcbef898de4da9,BNB,Polygon,BNB CHAIN,Avalanche,620e219adcf15fd1a428001b,620e222b62d48eee70edf306
66,0x893eee43910297ad2e2daa2e0f0210a1e754a403,USDC,Ethereum,Fantom,Polygon,621322b49e1cf703a57a90f3,621328169e1cf703a57a918b
67,0x75c29972bf71a564adc4943dc4c199fb19dc7da8,USDC,Fantom,Avalanche,Fantom,620caf7ad3ea681f35ec14bb,620cb2bcd3ea681f35ec151a
68,0x7567e696922eb3f140ebdd1770054c634b7bf708,GAIA,Polygon,BNB CHAIN,Polygon,620bb972854f936fad8978e3,620bbc1fd3ea681f35ebed7a
69,0x7567e696922eb3f140ebdd1770054c634b7bf708,KNC,BNB CHAIN,Polygon,Avalanche,6209e03e2219a24b7e94d757,6209e0be2219a24b7e94d76f
70,0x7567e696922eb3f140ebdd1770054c634b7bf708,GMEE,BNB CHAIN,Polygon,BNB CHAIN,620a5f0b854f936fad88cf78,620a60b4854f936fad88d073
71,0x7567e696922eb3f140ebdd1770054c634b7bf708,USV,Polygon,BNB CHAIN,Polygon,620dc6773c8253c5fb8bd055,620dc8093c8253c5fb8bd0c9
72,0x7567e696922eb3f140ebdd1770054c634b7bf708,MRFI,Avalanche,BNB CHAIN,Avalanche,620e831adcf15fd1a4280f20,620e834f62d48eee70ee30e2
73,0x7567e696922eb3f140ebdd1770054c634b7bf708,FEAR,Polygon,BNB CHAIN,Polygon,620e1a92dcf15fd1a427ff28,620e1ab462d48eee70edf19f
74,0x7567e696922eb3f140ebdd1770054c634b7bf708,BIFI,BNB CHAIN,Avalanche,Polygon,620b66ba854f936fad896198,620b6729854f936fad8961bf
75,0x7567e696922eb3f140ebdd1770054c634b7bf708,WELT,Polygon,BNB CHAIN,Polygon,620ba058854f936fad89709f,620ba292d3ea681f35ebe88c
76,0x7567e696922eb3f140ebdd1770054c634b7bf708,BANANA,Polygon,BNB CHAIN,Polygon,620ee20adcf15fd1a4281e63,620eecc162d48eee70ee613d
77,0x9a3e402475cfccd645440e09466eb3c530d7163d,USDC,BNB CHAIN,Fantom,BNB CHAIN,620c6fd4854f936fad89c523,620c7d70854f936fad89c84d
78,0x30cb2c51fc4f031fa5f326d334e1f5da00e19ab5,BIFI,Fantom,BNB CHAIN,Fantom,62114cb511d45e0a4967cabb,62114ecf11d45e0a4967d00f
79,0x30cb2c51fc4f031fa5f326d334e1f5da00e19ab5,ALPACA,BNB CHAIN,Fantom,BNB CHAIN,620e84a762d48eee70ee318c,620e899962d48eee70ee340b
80,0x30cb2c51fc4f031fa5f326d334e1f5da00e19ab5,ALPACA,Fantom,BNB CHAIN,Fantom,620e899962d48eee70ee340b,620e8a2762d48eee70ee3443
81,0x30cb2c51fc4f031fa5f326d334e1f5da00e19ab5,ALPACA,BNB CHAIN,Fantom,BNB CHAIN,620e8a2762d48eee70ee3443,620e8b0362d48eee70ee34b2
82,0x30cb2c51fc4f031fa5f326d334e1f5da00e19ab5,ALPACA,Fantom,BNB CHAIN,Fantom,620e8b0362d48eee70ee34b2,620e8ef362d48eee70ee36cf
83,0x30cb2c51fc4f031fa5f326d334e1f5da00e19ab5,JOE,Avalanche,Fantom,Avalanche,620fcdf611d45e0a49671125,620fce7011d45e0a49671165
84,0xb80a520619699f1dbf8f21502a57e173be73579c,USDC,Fantom,BNB CHAIN,Fantom,621109089e1cf703a57a42ed,62110cfd9e1cf703a57a439d
85,0xa311f7ca3eb2fb98123a807f9b8e4bbbdbdcb2ee,MCRT,BNB CHAIN,Fantom,BNB CHAIN,620c38b6854f936fad89a4b6,620c45b3d3ea681f35ec05dd
86,0xa311f7ca3eb2fb98123a807f9b8e4bbbdbdcb2ee,NFTY,Polygon,BNB CHAIN,Polygon,6209bf152219a24b7e94d1cd,6209ca872219a24b7e94d3f7
87,0x081931a599c1605c69cb6e3b9da48450b744b0aa,USDC,Fantom,BNB CHAIN,Fantom,6209e9172219a24b7e94d8a6,6209f067854f936fad88b93c
88,0x7400933965637de0ac30f5c582e4e481934dd047,WOW,Avalanche,BNB CHAIN,Polygon,620e6af9dcf15fd1a4280b15,620e6b5362d48eee70ee1bd4
89,0x153e01b7f5c0a198cb12335bbe62ed22e0a05687,USDC,BNB CHAIN,Fantom,Avalanche,62097b8fd3ea681f35eb9988,62097c0bd3ea681f35eb99a5
90,0x123bb6519cf54a8e3917ed8b450a3ab11fd4b974,DSLA,BNB CHAIN,Ethereum,Avalanche,620caabad3ea681f35ec13ff,620cabd826b3d8ba9857d7aa
91,0x387c6bd3afd4849108f0055b9f23971616cd8d95,ETH,Polygon,Fantom,BNB CHAIN,620b279b854f936fad894c87,620b2ff0854f936fad894ddf
92,0xd2d8570204a3e6753ebbf4a57c5fc31c2a9d15d5,USDC,Polygon,Fantom,Polygon,6212577c9e1cf703a57a73c3,621263f19e1cf703a57a7607
93,0xbd6c1e096c66d4fd93d71cfc270387c9f8236cf9,WBTC,BNB CHAIN,Fantom,BNB CHAIN,620b16c6854f936fad8949ca,620b1a25854f936fad894a5c
94,0x47a3ed852e37477cf1ba297f8288e06230b2d543,USDC,Fantom,BNB CHAIN,Fantom,620e7cc862d48eee70ee2e1c,620e7dcf62d48eee70ee2e8b
95,0x47a3ed852e37477cf1ba297f8288e06230b2d543,USDC,BNB CHAIN,Fantom,BNB CHAIN,620e7dcf62d48eee70ee2e8b,620e7e7362d48eee70ee2ed6
96,0x47a3ed852e37477cf1ba297f8288e06230b2d543,USDC,Fantom,BNB CHAIN,Avalanche,620e7e7362d48eee70ee2ed6,620e81f262d48eee70ee3045
97,0xc57ea958e33dc87c7c7951774bab9221346ba26f,TOMB,Avalanche,BNB CHAIN,Fantom,620d90e13c8253c5fb8bbc62,620d913f3c8253c5fb8bbc98
98,0xc57ea958e33dc87c7c7951774bab9221346ba26f,USDC,Polygon,Fantom,BNB CHAIN,6211d5ae9e1cf703a57a5f1f,6211d6db9e1cf703a57a5f3b
99,0xc57ea958e33dc87c7c7951774bab9221346ba26f,ALPACA,BNB CHAIN,Fantom,BNB CHAIN,62108a4f11d45e0a49676a88,62108afa11d45e0a49676a9a
100,0xc8bb3434bac34981638659ff5a6557842ab59f60,DAI,Polygon,Fantom,Avalanche,6209b748d3ea681f35eba1f9,6209bcb1d3ea681f35eba2b5
101,0x03d9b6eea7a84aef5fdd02b136bde8dac8752a61,DAI,Fantom,Avalanche,Fantom,620ab564d3ea681f35ebc5ff,620af3e5854f936fad8944a2
102,0xf2ce52e3d0eb5d237341c9a75ca24647d87d7e55,FABRIC,BNB CHAIN,Ethereum,BNB CHAIN,620a10aa854f936fad88bfe2,620a10fd854f936fad88bfea
103,0xf2ce52e3d0eb5d237341c9a75ca24647d87d7e55,FABRIC,Ethereum,BNB CHAIN,Ethereum,620a10fd854f936fad88bfea,620a1172854f936fad88bffb
104,0xf2ce52e3d0eb5d237341c9a75ca24647d87d7e55,FABRIC,Ethereum,BNB CHAIN,Ethereum,620b31d4d3ea681f35ebd74a,620b31ed854f936fad894e32
105,0xf2ce52e3d0eb5d237341c9a75ca24647d87d7e55,MLT,Ethereum,BNB CHAIN,Ethereum,620e3c6762d48eee70edf83e,620e3d1062d48eee70edf8a9
106,0xf2ce52e3d0eb5d237341c9a75ca24647d87d7e55,SWAP,BNB CHAIN,Ethereum,BNB CHAIN,620fd81211d45e0a496717ea,620fd8e911d45e0a4967189e
107,0xf2ce52e3d0eb5d237341c9a75ca24647d87d7e55,PPAY,Ethereum,BNB CHAIN,Ethereum,620fccb811d45e0a49671092,620fcd5811d45e0a496710d9
108,0xb20221c54128fab03425314983616c46d5bfb854,MIM,Avalanche,Fantom,BNB CHAIN,620d0e2fd3ea681f35ec228b,620d0e6fd3ea681f35ec2298
109,0xb9b9161c6440353d30e06f6a3f93cd43bd1e3907,USDT,BNB CHAIN,Avalanche,BNB CHAIN,620f716d9e1cf703a57a0a1e,620f71ea9e1cf703a57a0a33
110,0xbfded67c2415e21f251bc209ff11a2fb74dfd0a4,MIM,Avalanche,Fantom,BNB CHAIN,620de0c4dcf15fd1a427f873,620de163dcf15fd1a427f883
111,0xf07a3a88e07a2b1df9d4e088a7f34ceb6cdf445a,MIM,Avalanche,Fantom,Avalanche,6211f3e99e1cf703a57a63b2,6211f5609e1cf703a57a63f1
112,0x45abf65505af97c17448226fd8f888e5d50223e1,USDT,Avalanche,BNB CHAIN,Polygon,6213072911d45e0a4968beea,6213091e11d45e0a4968bf08
113,0x531f001a4d10c21cdcc7dee8a6f25000a1c97408,MIM,Fantom,Avalanche,Fantom,620b4b68d3ea681f35ebdad8,620b4e3dd3ea681f35ebdb41
114,0x03ca61cf1b7963ecb6c79a5b33df33a5b7a4093a,USDC,Fantom,BNB CHAIN,Ethereum,620d78893c8253c5fb8bb813,620d7f5a3c8253c5fb8bb8fb
115,0x0b7abcd0a947ee625a898642ebe24bcdb3a1848a,USDT,BNB CHAIN,Polygon,Avalanche,621266bb11d45e0a496894d4,6212686f11d45e0a49689532
116,0x0b7abcd0a947ee625a898642ebe24bcdb3a1848a,USDT,Polygon,Avalanche,BNB CHAIN,6212686f11d45e0a49689532,62126b6011d45e0a496895e4
117,0xc844b9c517c521f745384f2404449fd92b2de152,USDC,BNB CHAIN,Fantom,BNB CHAIN,6212701511d45e0a496896c0,62127aa011d45e0a496898dd
118,0xb88e3cad12aba4ec40ad3aebe139bf3919344099,USDT,BNB CHAIN,Avalanche,BNB CHAIN,620fb4e811d45e0a49670691,620fb8fc11d45e0a4967093e
119,0x9183e1b9670d2758065c7181e26c09f7fd14be31,USDT,BNB CHAIN,Fantom,Avalanche,62104a099e1cf703a57a2a78,62104a329e1cf703a57a2a82
120,0xfc6009053ba05ac2a96ef017a823d87c38d5e0b5,IDEX,Polygon,BNB CHAIN,Polygon,6211075311d45e0a49679218,62110da111d45e0a49679439
121,0xfc6009053ba05ac2a96ef017a823d87c38d5e0b5,USDC,Polygon,Fantom,BNB CHAIN,6210985611d45e0a49676c59,62109a5d11d45e0a49676c87
122,0xe2ca76a6c3bb2e26bda7e13b5aa10c633071ff4b,USDC,Polygon,Fantom,Ethereum,6209f595854f936fad88ba59,6209f782d3ea681f35ebaabb
123,0xb324a5c8e61dba2a4a03a053f8c42629a0226d56,USDC,BNB CHAIN,Fantom,Polygon,620d1a8a3c8253c5fb8b90a8,620d1be33c8253c5fb8b915f
124,0xb324a5c8e61dba2a4a03a053f8c42629a0226d56,USDC,Fantom,Polygon,BNB CHAIN,620d1be33c8253c5fb8b915f,620d20b43c8253c5fb8b92aa
125,0xb324a5c8e61dba2a4a03a053f8c42629a0226d56,USDC,Polygon,BNB CHAIN,Polygon,620d20b43c8253c5fb8b92aa,620d2afa3c8253c5fb8b9470
126,0xb324a5c8e61dba2a4a03a053f8c42629a0226d56,USDC,BNB CHAIN,Polygon,Fantom,620d2afa3c8253c5fb8b9470,620d2cd43c8253c5fb8b94c5
127,0xda2d96eadab3671d9dfc6b2901aa85e99f8f0eb3,PAE,Fantom,Avalanche,BNB CHAIN,620f45082aaabc039b737f5a,620f4db911d45e0a4966db5e
128,0x81c4a126b101ef7eb6d54bc0d6e88465c265bd91,USDC,BNB CHAIN,Fantom,Avalanche,62122e7f9e1cf703a57a6c32,62122ebe9e1cf703a57a6c3b
129,0x81c4a126b101ef7eb6d54bc0d6e88465c265bd91,USDC,Fantom,Avalanche,Fantom,62122ebe9e1cf703a57a6c3b,621230d99e1cf703a57a6c86
130,0xc7503f38013cf1a8105ba3f0e689c33a706d2fa5,USDC,Avalanche,Fantom,BNB CHAIN,62120f4c11d45e0a49686bc7,621212219e1cf703a57a687c
131,0x4e6fec28f5316c2829d41bc2187202c70ec75bc7,USDC,Fantom,BNB CHAIN,Polygon,620ccd2b1ddd18c557e91be1,620cd0f61ddd18c557e91cf6
132,0x81e9f4275bf6858072ef4b425f2dc28163ccd980,DAI,Avalanche,Fantom,BNB CHAIN,62123db29e1cf703a57a6e62,62123eac9e1cf703a57a6e91
133,0x7737d3742ddc67f1443b40cbe6d401d649d3906a,ALPACA,BNB CHAIN,Fantom,BNB CHAIN,620ee06662d48eee70ee5eea,620ee63362d48eee70ee5fd3
134,0x7737d3742ddc67f1443b40cbe6d401d649d3906a,QI,Avalanche,Polygon,Avalanche,620ea76462d48eee70ee4650,620ea89562d48eee70ee46fb
135,0x193db18a5ef9a0320b7374c1fe8af976235f3211,USDC,Fantom,BNB CHAIN,Fantom,6209d8092219a24b7e94d5e9,6209dc332219a24b7e94d68f
136,0x193db18a5ef9a0320b7374c1fe8af976235f3211,WBTC,BNB CHAIN,Fantom,Ethereum,620f3c812aaabc039b737709,620f42012aaabc039b737c11
137,0x193db18a5ef9a0320b7374c1fe8af976235f3211,WBTC,Fantom,Ethereum,Fantom,620f42012aaabc039b737c11,620f42a42aaabc039b737cb4
138,0x528836082e417d7b839e17a17964694266aa29a5,USDT,Avalanche,Fantom,BNB CHAIN,620c6133d3ea681f35ec0a0b,620c638ed3ea681f35ec0a6d
139,0x93c3d5f1bcd2e80322bc7832a8ba591949bec90a,USDC,Avalanche,Polygon,BNB CHAIN,6209d2fe2219a24b7e94d558,6209d4eb2219a24b7e94d582
140,0x0000023cbc437683aec074e3cb75ad38ae2e87e1,USDT,Ethereum,Polygon,BNB CHAIN,620a155d854f936fad88c071,620a1604854f936fad88c07d
141,0x0000023cbc437683aec074e3cb75ad38ae2e87e1,USDT,Polygon,BNB CHAIN,Polygon,620a1604854f936fad88c07d,620a17da854f936fad88c12b
142,0x0000023cbc437683aec074e3cb75ad38ae2e87e1,USDT,BNB CHAIN,Polygon,BNB CHAIN,620a17da854f936fad88c12b,620a18b1854f936fad88c1b8
143,0x25697b4753a70a1847e12409bdf4d13a5c998c32,AVAX,Fantom,Avalanche,Fantom,620bfab2d3ea681f35ebf992,620bfcced3ea681f35ebf9f2
144,0x00000098e8b8cb65ac3e25dc462368b00e790176,TETU,Polygon,Fantom,Polygon,620b3774854f936fad894ece,620b3fbcd3ea681f35ebd955
145,0xcaedf695012947f97e73f188f75922d92ae33721,USDT,Fantom,Polygon,Avalanche,62096a162219a24b7e94c23e,62096da62219a24b7e94c2d7
146,0x113708f56cef3d197390c1f1e2ed305ed21a1fb4,MRFI,BNB CHAIN,Avalanche,BNB CHAIN,620cfb163c8253c5fb8b873f,620cfe66d3ea681f35ec1f7f
147,0x113708f56cef3d197390c1f1e2ed305ed21a1fb4,DERC,BNB CHAIN,Polygon,BNB CHAIN,620ef9a962d48eee70ee6678,620f024e62d48eee70ee6a63
148,0x113708f56cef3d197390c1f1e2ed305ed21a1fb4,GAIA,Polygon,BNB CHAIN,Polygon,620984242219a24b7e94c6a3,62098d52d3ea681f35eb9c71
149,0x113708f56cef3d197390c1f1e2ed305ed21a1fb4,WSG,BNB CHAIN,Polygon,BNB CHAIN,620bef55854f936fad899284,620bf423d3ea681f35ebf864
150,0xda9434e626dff1e4d07a8ca20ee856132894e775,UNCX,Ethereum,BNB CHAIN,Ethereum,621030ed11d45e0a49674314,6210339611d45e0a4967441c
151,0x355cdeee0cf3f85a65de91da10e1f79348dc59a9,USDC,Fantom,BNB CHAIN,Fantom,620f9cfe9e1cf703a57a1074,620fa7169e1cf703a57a11ef
152,0x826d8bf70da731ea94e4f92c17bec5bda2faf557,USDC,Fantom,Avalanche,Fantom,620a3a58854f936fad88c871,620a471b854f936fad88cad8
153,0x826d8bf70da731ea94e4f92c17bec5bda2faf557,USDC,Avalanche,Fantom,Avalanche,620a471b854f936fad88cad8,620a506c854f936fad88cc6c
154,0xeaff63f297b2947eb3a422c273b87b4f8f96bf57,MIM,Avalanche,BNB CHAIN,Avalanche,620bdf93854f936fad898ebb,620bea85854f936fad899196
155,0xeaff63f297b2947eb3a422c273b87b4f8f96bf57,MIM,BNB CHAIN,Avalanche,BNB CHAIN,620bea85854f936fad899196,620bf14d854f936fad8992f9
156,0x7365ac122eac1febc7aae228360ec9f7d18f630e,USDT,BNB CHAIN,Polygon,BNB CHAIN,620a4272854f936fad88c9d9,620a442c854f936fad88ca12
157,0x75dd32dca095629aa8257e52d8e05e82762d4007,USDC,Avalanche,Fantom,Ethereum,620c7b78854f936fad89c7b1,620c7f61d3ea681f35ec0e85
158,0xcc88036fa05c86129bf66260c2a905ab2c7b663c,QI,Polygon,Avalanche,Polygon,62105f7a11d45e0a4967580f,6210615a11d45e0a49675a11
159,0xcc88036fa05c86129bf66260c2a905ab2c7b663c,ALPACA,BNB CHAIN,Fantom,BNB CHAIN,620e8f6a62d48eee70ee371a,620e91d862d48eee70ee3884
160,0xcc88036fa05c86129bf66260c2a905ab2c7b663c,ALPACA,Fantom,BNB CHAIN,Fantom,620e91d862d48eee70ee3884,620e93a762d48eee70ee398e
161,0x2a3ef4740654b0a5014f83e142f22740e5af55fd,USDT,Avalanche,Polygon,Fantom,620ae197854f936fad893ed4,620ae6eb854f936fad89423f
162,0x7f28d5cf229905b3b12e4054067997d2b7e670dd,BIFI,BNB CHAIN,Avalanche,BNB CHAIN,620e24e962d48eee70edf373,620e254e62d48eee70edf381
163,0x7f28d5cf229905b3b12e4054067997d2b7e670dd,BIFI,Avalanche,BNB CHAIN,Fantom,620e254e62d48eee70edf381,620e305e62d48eee70edf5cf
164,0x260ba4b106200655d6c3ca7e91820efe4c12945d,BNB,Fantom,BNB CHAIN,Fantom,620c7908d3ea681f35ec0d9f,620c8398d3ea681f35ec0f0c
165,0xad56051bc795d88d360c4794238a11ab006e371b,DAI,Avalanche,Fantom,Ethereum,620af627854f936fad8944eb,620af778d3ea681f35ebcf5d
166,0x1905b0ac7fd4cedbd49889ba0e98bd35096b533d,USDC,Fantom,Polygon,Avalanche,6211eb039e1cf703a57a6260,6211f21011d45e0a49686345
167,0x3c5c33b177e26627a18e2e81ff94bfd3cbee4ac5,USV,Polygon,Avalanche,Polygon,620978462219a24b7e94c4ae,620979ec2219a24b7e94c501
168,0x3c5c33b177e26627a18e2e81ff94bfd3cbee4ac5,YIN,BNB CHAIN,Polygon,BNB CHAIN,620b5923854f936fad895b31,620b6644854f936fad896170
169,0x3c5c33b177e26627a18e2e81ff94bfd3cbee4ac5,MOD,Fantom,BNB CHAIN,Fantom,620be743d3ea681f35ebf5fc,620beac2854f936fad8991a4
170,0x9d21a578f27841ae9dfe35c003daa5ab56cb97c4,USDC,BNB CHAIN,Fantom,BNB CHAIN,620b2075854f936fad894b3c,620b28d8854f936fad894ca1
171,0xdc65630427c23ac00c163b0c13c02b27722f75c1,USDC,Ethereum,Fantom,BNB CHAIN,620eea79dcf15fd1a4281f81,620eed16dcf15fd1a4281ff9
172,0x2835a8dd61e4c8c3afab3899b45c2378bd322e22,USDC,Avalanche,Fantom,BNB CHAIN,620ae833854f936fad89427a,620aeb4d854f936fad8942d1
173,0x88adca90818e1d113f5f3eb3b3ceabdec4bd8bbd,USDT,BNB CHAIN,Avalanche,Fantom,6212d9de11d45e0a4968b0fd,6212daec11d45e0a4968b148
174,0x7b75a1f157260ed3e44c6111b011a077370c7546,USDC,BNB CHAIN,Fantom,BNB CHAIN,620ef0af62d48eee70ee62cb,620ef86b62d48eee70ee65ef
175,0x4ca8ad3a20848ac6f5dbb14cc02fce8c037d11da,USDC,Fantom,BNB CHAIN,Avalanche,620bf93a854f936fad899460,620bfdba854f936fad8994e8
176,0x2093baf601e54b1c2907161ad191a60a2fe1c260,DAI,Fantom,Avalanche,Fantom,6212d99a9e1cf703a57a8852,6212db4611d45e0a4968b16c
177,0x6ad853cd2725b905e68a71eb280358272ca09031,USDT,BNB CHAIN,Fantom,BNB CHAIN,620b706fd3ea681f35ebe052,620b737ed3ea681f35ebe0ce
178,0x0a7241fb9e1d74f7e33a2b18a9e990048d6fcddc,USDC,Fantom,Polygon,BNB CHAIN,620cb4c626b3d8ba9857db4d,620cbc7626b3d8ba9857dd22
179,0x855d3fdeed4299839164e42bff63b69b5e16997a,MIM,Avalanche,Ethereum,Fantom,620fe1f19e1cf703a57a1c81,620fef079e1cf703a57a1eb7
180,0x55a1b211a1d4b54e53186e926820e835f053b42d,KAMPAY,Polygon,BNB CHAIN,Polygon,620e398962d48eee70edf75f,620e416d62d48eee70edf9c5
181,0x55a1b211a1d4b54e53186e926820e835f053b42d,ROLL,Polygon,BNB CHAIN,Polygon,62120e3c11d45e0a49686b61,6212106511d45e0a49686c1a
182,0x55a1b211a1d4b54e53186e926820e835f053b42d,ROLL,BNB CHAIN,Polygon,BNB CHAIN,6212106511d45e0a49686c1a,6212162911d45e0a49686dce
183,0xf19b748b71d4d92a774b890824171567425e4d81,DAI,Avalanche,Fantom,BNB CHAIN,620bd88fd3ea681f35ebf2fc,620bd911d3ea681f35ebf311
184,0xf19b748b71d4d92a774b890824171567425e4d81,DAI,Fantom,BNB CHAIN,Fantom,620bd911d3ea681f35ebf311,620be723d3ea681f35ebf5f0
185,0x078ec83dcb4eb62015ebe71ff3506e582aca0d67,USDC,Polygon,Fantom,Avalanche,620aff6f854f936fad894690,620b098b854f936fad8947b4
186,0x457c59784686acc87ff1ee24d79e2e5394117f9d,USDT,BNB CHAIN,Avalanche,BNB CHAIN,6211aafd11d45e0a49684f32,6211b43f11d45e0a4968596a
187,0xf7e5a901db4fefc5f142f0fd4157d0cf802ed2a8,USDC,Polygon,BNB CHAIN,Polygon,620e3cfa62d48eee70edf89b,620e439e62d48eee70edfa43
188,0x223f9faa89984cfa063a320c116bc412b7ce62cf,USDT,BNB CHAIN,Fantom,Avalanche,620b43a5d3ea681f35ebd9cf,620b4817d3ea681f35ebda5a
189,0xb4047eb6707aa777746042ceb1d42d6ee3d7845e,USDC,Fantom,Ethereum,Avalanche,6209d6e62219a24b7e94d5c8,6209d7b52219a24b7e94d5df
190,0x5260ce5b742e5622763127b5f450588e6f60ff29,AVAX,Fantom,Avalanche,Fantom,620c21dbd3ea681f35ec000f,620c350ed3ea681f35ec0320
191,0x87f0f4b5e3cfd247583e35564574d4fad0a4bbf7,MIM,Avalanche,Fantom,Avalanche,6211b8569e1cf703a57a5b97,6211baec9e1cf703a57a5be7
192,0xa76cbd9b7d0e994266e8ca9f68df62f4e48c033c,FXS,Fantom,Ethereum,Fantom,620a1127854f936fad88bfee,620a11de854f936fad88c000
193,0xa76cbd9b7d0e994266e8ca9f68df62f4e48c033c,FXS,Ethereum,Fantom,BNB CHAIN,620a11de854f936fad88c000,620a1308854f936fad88c019
194,0xec24164ad0dbdbf850ec42493f70d620453b5976,USDC,Fantom,BNB CHAIN,Fantom,6209e00a2219a24b7e94d743,6209e33f2219a24b7e94d7b9
195,0xec24164ad0dbdbf850ec42493f70d620453b5976,USDC,BNB CHAIN,Fantom,BNB CHAIN,6209e33f2219a24b7e94d7b9,6209e5fed3ea681f35eba829
196,0xe6cf3c4614f92755fd82a24bb6dad74211024b55,AVAX,Fantom,Avalanche,Fantom,620ed21bdcf15fd1a4281c20,620edc6adcf15fd1a4281d9b
197,0xe6cf3c4614f92755fd82a24bb6dad74211024b55,AVAX,Avalanche,Fantom,Avalanche,620edc6adcf15fd1a4281d9b,620edddbdcf15fd1a4281dc5
198,0x1f0c1830161505d478f4b070dc2846fceb288b5a,USDC,BNB CHAIN,Fantom,Polygon,6209c1372219a24b7e94d1fd,6209c56d2219a24b7e94d2f9
199,0x353e9f1f3b4549661d09686bfa74d7938b56d7a0,USDC,BNB CHAIN,Avalanche,BNB CHAIN,6212e76111d45e0a4968b5ad,6212eb5511d45e0a4968b722
200,0x4ead748e61fec5014deab18fb1de6f12a9a4ac04,MIM,Fantom,Avalanche,Fantom,620e94bfdcf15fd1a4281233,620e9b6d62d48eee70ee3f68
201,0x777777777d60721db99f395076d8fc5fec72da65,USDT,BNB CHAIN,Avalanche,BNB CHAIN,620a54d8854f936fad88cd3a,620a57bb854f936fad88cdc5
202,0x7d58e81cecf7f1b0071580cab07d53ede7858b17,USDC,BNB CHAIN,Fantom,Avalanche,621029639e1cf703a57a26d6,62102cb29e1cf703a57a273c
203,0xefa06157dc1b2444ce47b2e6b13416836233c718,USDC,Ethereum,Fantom,BNB CHAIN,620aba4ad3ea681f35ebc6b4,620abf01d3ea681f35ebc774
204,0x383c88957e2346d23892a6427869c2630b046f48,USDT,Polygon,BNB CHAIN,Polygon,620f9f0311d45e0a4966fedf,620fa03711d45e0a4966ff1f
205,0x383c88957e2346d23892a6427869c2630b046f48,USDT,BNB CHAIN,Polygon,BNB CHAIN,620fa03711d45e0a4966ff1f,620fa88111d45e0a496700fc
206,0xe7f76afdd0c8bf0bed701de1d4e675bd0967bcd8,MIM,BNB CHAIN,Fantom,Avalanche,620f28006e600401c2649ccc,620f287d6e600401c2649ce2
207,0xa8e4836b6125178ffa0b7a4f9a7d803186d265fc,USDC,Fantom,Polygon,BNB CHAIN,621225f711d45e0a49687244,6212318411d45e0a49687492
208,0xa1d45fb180927d4ce2e95dbec953c9073d1b7c0e,USDC,Avalanche,Fantom,Avalanche,6212dcd79e1cf703a57a88b2,6212e90c9e1cf703a57a8a12
209,0x7beb48dcfc6698a32a630c8aa4291bd1c26937a7,USDC,Fantom,BNB CHAIN,Fantom,620afc5a854f936fad894615,620afd39854f936fad89463a
210,0xea9ea125ac1f5b219458d408daabeaf6103d7201,MIM,Avalanche,Fantom,BNB CHAIN,621179c59e1cf703a57a54b0,62117a409e1cf703a57a54b7
211,0xd82078691e569aaae837e1647f97e8a47d5acc17,USDC,Avalanche,BNB CHAIN,Fantom,620964ab2219a24b7e94c127,620970dc2219a24b7e94c361
212,0x4036cfaba5f50ec243e00115a9cb44d75ccc0ec0,USDC,Polygon,Fantom,Avalanche,620c8cd1d3ea681f35ec1044,620c9018d3ea681f35ec10a9
213,0x19ee9848f86a8c4aa841b86321ef601e97bb672b,BNB,Fantom,BNB CHAIN,Fantom,62116fe59e1cf703a57a535d,6211781d9e1cf703a57a547c
214,0x19ee9848f86a8c4aa841b86321ef601e97bb672b,BNB,BNB CHAIN,Fantom,BNB CHAIN,6211781d9e1cf703a57a547c,62117bda9e1cf703a57a54e5
215,0xd88afca328b2de9d357a135012183dcff1983a6e,USDC,Fantom,BNB CHAIN,Fantom,620b0afed3ea681f35ebd1f8,620b12ead3ea681f35ebd32f
216,0xd88afca328b2de9d357a135012183dcff1983a6e,USDT,BNB CHAIN,Fantom,Polygon,62125a4f9e1cf703a57a7445,62125bc99e1cf703a57a748c
217,0xa16be2909ed0e2c65b8d5d03ac497974ab71e501,USDC,Fantom,Avalanche,BNB CHAIN,6210e07211d45e0a4967842a,6210e1f511d45e0a4967853e
218,0x16d77425a9eaeb92cd2ad10e04e54ef93c17a8cf,USDC,Fantom,Ethereum,Fantom,620d0cb3d3ea681f35ec2245,620d0e1fd3ea681f35ec2286
219,0x16d77425a9eaeb92cd2ad10e04e54ef93c17a8cf,USDC,Ethereum,Fantom,Avalanche,620d0e1fd3ea681f35ec2286,620d0e6fd3ea681f35ec2297
220,0xdcc896d48b17ecc88a9011057294eb0905bcb240,USDC,Avalanche,BNB CHAIN,Polygon,621242f411d45e0a49687b4c,6212436711d45e0a49687bc1
221,0x530defd6c816809f54f6cfa6fe873646f6ecf930,DAI,Avalanche,Fantom,Avalanche,62118ba311d45e0a49682430,6211876c11d45e0a49681e44
222,0x65b493f1321433d744a770701f5a7f3a42e25b0e,MIM,Avalanche,Polygon,Fantom,62094d27d3ea681f35eb913d,62095025d3ea681f35eb91be
223,0xe52e5b863ea8cac67cf9821d9a63b1594d88da92,MIM,Avalanche,Fantom,Avalanche,620e23eb62d48eee70edf348,620e3115dcf15fd1a4280217
224,0x754662f3162d2565235d1bd56718d8d3f1016944,USDC,BNB CHAIN,Fantom,Avalanche,62096812d3ea681f35eb9646,62096850d3ea681f35eb9651
225,0x754662f3162d2565235d1bd56718d8d3f1016944,USDC,Avalanche,Fantom,BNB CHAIN,620a730ad3ea681f35ebbb8d,620a7406d3ea681f35ebbbaf
226,0x9d897cb47e601816f6a8b08da97ab2c030676a17,USDC,Fantom,Avalanche,Polygon,6210d90911d45e0a49677ee7,6210ddf511d45e0a4967825e
227,0x05ec29643182e4c89cac0b089f4893766b06aa61,USDT,Ethereum,Fantom,BNB CHAIN,621171509e1cf703a57a538c,621172809e1cf703a57a53bc
228,0x3a52c7df1bb5e70a0a13e9c9c00f258fe9da68fd,USDC,Avalanche,Fantom,BNB CHAIN,620aa630d3ea681f35ebc398,620aa69ad3ea681f35ebc39f
229,0xbe47430010c3eb40188c72e6d77ad1111abb8177,USDC,Avalanche,Fantom,Ethereum,6210a0ec9e1cf703a57a345f,6210a1a19e1cf703a57a3476
230,0x65d1152413e532350b6463c6335490a09c687871,WELT,Polygon,BNB CHAIN,Polygon,620ba16f854f936fad8970e6,620ba2ea854f936fad89712f
231,0x33d84d2a77d850b13053a1496d25cc58b145aa13,BIFI,Fantom,BNB CHAIN,Fantom,621294a69e1cf703a57a7df2,62129c1711d45e0a49689f16
232,0x33d84d2a77d850b13053a1496d25cc58b145aa13,BIFI,BNB CHAIN,Fantom,BNB CHAIN,62129c1711d45e0a49689f16,62129cde9e1cf703a57a7f37
233,0xc26efa8199105d317ad00a2e90bc5ea445a3cf5f,ETH,BNB CHAIN,Fantom,BNB CHAIN,620fa47d11d45e0a49670028,620fb05811d45e0a49670370
234,0x65063be17dcb2442f5c5c46595969bd605073926,USDC,Fantom,BNB CHAIN,Fantom,620ae02c854f936fad893d20,620ae6ca854f936fad89422c
235,0x65063be17dcb2442f5c5c46595969bd605073926,USDC,Fantom,BNB CHAIN,Fantom,620c2ac8854f936fad899f7f,620c2e79854f936fad89a05b
236,0x486569ab60a865855d10c48d09475bb702c6a7d5,USDC,Avalanche,Fantom,BNB CHAIN,62095e75d3ea681f35eb9464,62095eb3d3ea681f35eb9470
237,0x486569ab60a865855d10c48d09475bb702c6a7d5,USDC,BNB CHAIN,Fantom,Avalanche,620a5a77d3ea681f35ebb778,620a5af5d3ea681f35ebb786
238,0xc0af16725bd379f2de5fe860ea2943b82e89121f,BELUGA,Fantom,BNB CHAIN,Polygon,620ec881dcf15fd1a4281abc,620ec93562d48eee70ee5b7c
239,0x4ac07d9325b91ed1fa0bb7e26b4f56f4124c2e60,AVAX,Avalanche,Fantom,Avalanche,6209b8b3d3ea681f35eba22b,6209bb0ad3ea681f35eba27b
240,0x48de880869eae3ff014260a5c2fadeb11018b495,SPELL,Ethereum,Avalanche,BNB CHAIN,620dd5313c8253c5fb8bd4ff,620dd6363c8253c5fb8bd556
241,0x48de880869eae3ff014260a5c2fadeb11018b495,SPELL,Avalanche,BNB CHAIN,Fantom,620dd6363c8253c5fb8bd556,620dd7313c8253c5fb8bd5ab
242,0xfa7c6feb9c138a9cc60d80acf66cfa3c2fdbc047,USDC,BNB CHAIN,Avalanche,BNB CHAIN,6212306911d45e0a49687434,621239f611d45e0a49687637
243,0xbff54b44f72f9b722cd05e2e6e49202ba98fe244,USDT,BNB CHAIN,Avalanche,BNB CHAIN,620fce8311d45e0a4967116f,620fd09e11d45e0a496712d1
244,0x0b383158147795ffcd522394e4bd95ac96d238da,ETH,BNB CHAIN,Polygon,BNB CHAIN,6209fbc3854f936fad88bb98,620a07e5854f936fad88be4e
245,0xea4d7a720fbfeca7286bdd5594ca9bb127ea242f,USDT,Polygon,BNB CHAIN,Fantom,620b8461854f936fad896898,620b86c6854f936fad89694f
246,0xbd485523bb960b27c38d3f9ad47f0d3a384e69ce,BNB,Fantom,BNB CHAIN,Fantom,620c3ccdd3ea681f35ec0490,620c3dfcd3ea681f35ec04c5
247,0xbd485523bb960b27c38d3f9ad47f0d3a384e69ce,BNB,BNB CHAIN,Fantom,BNB CHAIN,620c3dfcd3ea681f35ec04c5,620c4b93d3ea681f35ec06b1
248,0xcb018790c03bdfd33a82354dee4e320f1398d66f,BIFI,BNB CHAIN,Fantom,BNB CHAIN,620c76ed854f936fad89c62e,620c785ad3ea681f35ec0d86
249,0xcb018790c03bdfd33a82354dee4e320f1398d66f,USDC,Fantom,Avalanche,BNB CHAIN,62111d7d11d45e0a496798ff,6211268b11d45e0a49679d8b
250,0xc399cb4679a5f59a6a4f00473437d0273dd5d7b4,USDT,BNB CHAIN,Polygon,BNB CHAIN,620fcbe111d45e0a49671031,620fd31811d45e0a49671486
251,0xe4c0b60337bdcab84e0705bd1b81bc6b5c386deb,USDC,Polygon,BNB CHAIN,Polygon,621236ce11d45e0a4968759e,621244d011d45e0a49687cfc
252,0x8457b708cdefe34ebc9f9167a3fbdc26d4cbc180,MIMIR,BNB CHAIN,Ethereum,BNB CHAIN,621017569e1cf703a57a2475,621018c211d45e0a496738ce
253,0x8457b708cdefe34ebc9f9167a3fbdc26d4cbc180,MIMIR,Ethereum,BNB CHAIN,Ethereum,621018c211d45e0a496738ce,62101b199e1cf703a57a24ea
254,0x10f145c5cab380c4d937146b508b45d13a271600,USDC,Avalanche,BNB CHAIN,Avalanche,6209ef24854f936fad88b8a5,6209f402854f936fad88ba2b
255,0x054ea27e7212c1a8d738d63ba16bb5e77554448c,USDC,Fantom,Avalanche,Fantom,621163a111d45e0a4967eb6b,62119ad211d45e0a49683a7d
256,0x5158c5bc93b8689a311288fe96260dcd2df47d62,BNB,BNB CHAIN,Fantom,BNB CHAIN,620a02c1d3ea681f35ebac4d,620a0593d3ea681f35ebacb2
257,0xdd7ec43863408cd689bba63260cce5926fe80c7d,USDC,Fantom,Avalanche,BNB CHAIN,6212acef11d45e0a4968a277,6212adf111d45e0a4968a2d2
258,0x463d391267559b36c85c9ef3d85d87e7a0c0d386,USDT,Fantom,Avalanche,Fantom,620bafb6d3ea681f35ebeb28,620bb805d3ea681f35ebec92
259,0xc7b65c91609d3eee03401aa569ba41902404e38d,USDC,BNB CHAIN,Fantom,Ethereum,620b1aa9d3ea681f35ebd434,620b1b1ad3ea681f35ebd443
260,0x5a6a74039a8af1233d899e85cab5304c63d9aae1,DAI,Avalanche,Fantom,Avalanche,620e0f7e9e7d5ed1f4f41186,620e10519e7d5ed1f4f4119e
261,0x7a6a59588b8106045303e1923227a2cefbec2b66,SWAP,BNB CHAIN,Ethereum,BNB CHAIN,621003309e1cf703a57a21b7,62100b1211d45e0a4967355c
262,0xbb571c55410f3edd55f6cc239ad7ab23661abac3,USDC,Avalanche,Fantom,BNB CHAIN,620c938ed3ea681f35ec111c,620c94edd3ea681f35ec1152
263,0xc417a2d6597cb54ec46cd22382f8fc288e58f50e,ETH,Ethereum,BNB CHAIN,Ethereum,62104e3211d45e0a49674f25,621055759e1cf703a57a2bd3
264,0xc417a2d6597cb54ec46cd22382f8fc288e58f50e,ETH,BNB CHAIN,Ethereum,BNB CHAIN,621055759e1cf703a57a2bd3,621056cd11d45e0a496753d5
265,0xf8a40c92fe15c40e0ea5d8470d9e4c87f5cd96cd,AVAX,Fantom,Avalanche,Fantom,620b14c2d3ea681f35ebd364,620b15f1d3ea681f35ebd38e
266,0xf1287433d650c52f95edce08f7bb1a4ab1d0bfe7,USDT,Polygon,BNB CHAIN,Polygon,620f3fca2aaabc039b7379e1,620f5a3111d45e0a4966e4a7
267,0x7967d013f76324c1844297e31c4eb4d98dbfa3a5,USDC,Avalanche,Fantom,Avalanche,620fdbe59e1cf703a57a1b97,620fe1749e1cf703a57a1c65
268,0x7967d013f76324c1844297e31c4eb4d98dbfa3a5,USDC,Avalanche,Fantom,Polygon,621013e29e1cf703a57a23fe,621014889e1cf703a57a2417
269,0x812dfc0b135c09cd9cdadb03f56d4fc843ffacb1,DAI,Polygon,BNB CHAIN,Polygon,620a4bf6854f936fad88cbd4,620a4ff5854f936fad88cc59
270,0xe16e1924a17d6d4ffe6ee017df87c346ed66ba51,USDC,Fantom,BNB CHAIN,Fantom,620b1ccb854f936fad894ad7,620b29f3854f936fad894d04
271,0x08fc2fb6d3c5c0feaaf2fe1c8aa6a58b6ffce134,USDC,Ethereum,Fantom,BNB CHAIN,620bdcb3d3ea681f35ebf3cf,620bded6d3ea681f35ebf44c
272,0x745b22931ef3c9c228a71a469d82ce39253f171f,USDC,Ethereum,Fantom,Avalanche,620b22d2d3ea681f35ebd54d,620b238fd3ea681f35ebd566
273,0x745b22931ef3c9c228a71a469d82ce39253f171f,USDC,Fantom,Avalanche,Fantom,620b238fd3ea681f35ebd566,620b293bd3ea681f35ebd648
274,0xe611e1fe5a69385593a76c934fdd90b0270a79e0,USDC,Avalanche,Fantom,BNB CHAIN,620d5fc0d3ea681f35ec3160,620d6370d3ea681f35ec31f5
275,0x43851e9f0f192851ce0a3a43e4bb57992884d2c7,AVAX,Avalanche,Fantom,Avalanche,620c8d72d3ea681f35ec104f,620c961dd3ea681f35ec117b
276,0x1dc10b5601e0812366af7ef218f4b500d030d956,USDC,Avalanche,BNB CHAIN,Polygon,6211a03f11d45e0a4968410a,6211a2a011d45e0a4968444c
277,0xcd812b109143f52f9c4f406adc69e4dce403a7b8,BNB,BNB CHAIN,Polygon,BNB CHAIN,620aaaf4854f936fad88fffc,620ab958d3ea681f35ebc68c
278,0x480bc123c37748ccd1b86541b0f8bd2388ece0a8,USDC,Avalanche,BNB CHAIN,Fantom,620e98c762d48eee70ee3da8,620e99b162d48eee70ee3e54
279,0x7826ed22a9f6ca1fafb918a375394cf44aad266a,USDC,Fantom,Polygon,Fantom,620fdfd79e1cf703a57a1c2d,620fe5479e1cf703a57a1d19
280,0xbb32ec6440a5047e2dc50ade3c15b2fe6cbbe355,TOMB,Fantom,Avalanche,Fantom,620d045f3c8253c5fb8b8a0e,620d05ec3c8253c5fb8b8a8b
281,0xbb32ec6440a5047e2dc50ade3c15b2fe6cbbe355,USDC,Avalanche,Fantom,Avalanche,620e02649e7d5ed1f4f40f53,620e0d9f9e7d5ed1f4f41127
282,0x0e7d336c61b4144f3151b9c9ca9ef4bc37c4df38,USDT,BNB CHAIN,Fantom,Avalanche,620eae8adcf15fd1a4281694,620eaf08dcf15fd1a42816a6
283,0x72c5cd18a51d53db34072546a7a38a4f73600d92,USDC,BNB CHAIN,Fantom,Avalanche,620c353e854f936fad89a32b,620c36d5854f936fad89a3dc
284,0x10905448b623c9c77ecc3c163ec93d92c00785d5,USDT,Avalanche,BNB CHAIN,Avalanche,620d06b83c8253c5fb8b8aac,620d07693c8253c5fb8b8acf
285,0xe778ef6cabad3b6f8578680f5f663e8548697193,USDC,Avalanche,Fantom,BNB CHAIN,6211484f9e1cf703a57a4d96,621149099e1cf703a57a4dac
286,0xfc963a93457c5644e51d955f3b2d3012e27ab3dd,USDC,Fantom,Avalanche,Fantom,620c9f09d3ea681f35ec1299,620ca5d1d3ea681f35ec1357
287,0x64bcd4a4b747dba204188029ab48aa1d65c07af9,USDC,Avalanche,Fantom,BNB CHAIN,62127f179e1cf703a57a7a93,62127f589e1cf703a57a7a99
288,0xded5577086bd092d8d4fd6f4448b17d765510443,MIM,Avalanche,BNB CHAIN,Fantom,621143be11d45e0a4967b8aa,6211477f11d45e0a4967be81
289,0x8bf5c62fe0a6363e8030afb8a81a41004a0bdf97,MIM,Avalanche,Fantom,BNB CHAIN,6212788b9e1cf703a57a797d,621279c39e1cf703a57a79a8
290,0xb0cc628e34664bc308961f16414ff94ba3f6f154,FTM,BNB CHAIN,Ethereum,BNB CHAIN,6212766a11d45e0a496897ff,6212776b11d45e0a4968982a
291,0xb0cc628e34664bc308961f16414ff94ba3f6f154,FTM,Ethereum,BNB CHAIN,Fantom,6212776b11d45e0a4968982a,621277fe11d45e0a49689852
292,0x2fc092eb640b78bf990e232c8beb6b83d903da96,USDC,Polygon,BNB CHAIN,Polygon,620f941811d45e0a4966fc46,620f98a711d45e0a4966fd4d
293,0x2fc092eb640b78bf990e232c8beb6b83d903da96,USDC,BNB CHAIN,Polygon,BNB CHAIN,620f98a711d45e0a4966fd4d,620f9fb411d45e0a4966fef6
294,0x2fc092eb640b78bf990e232c8beb6b83d903da96,USDC,Polygon,BNB CHAIN,Polygon,620f9fb411d45e0a4966fef6,620fa13e11d45e0a4966ff56
295,0x189fcbb92571fd9030dc99d1f147d6d409ad756d,USDC,Avalanche,Polygon,Avalanche,62105ca911d45e0a4967566f,62105f3911d45e0a496757db
296,0x543a5ec6989963ea6d146eca6b7eeabaa5cff94a,USDT,Avalanche,Fantom,Avalanche,620ce4ded3ea681f35ec1be9,620ce599d3ea681f35ec1c05
297,0x19c812dfc372d5e7de62baff9d7af690ca748c3b,USDT,BNB CHAIN,Avalanche,Ethereum,620fe30611d45e0a49672134,620fe70511d45e0a496724d9
298,0xccf00d42bdea5fff0b46dd18a5e23fc8ac85a4aa,USDT,Avalanche,Fantom,BNB CHAIN,620baacbd3ea681f35ebea1d,620bab49d3ea681f35ebea2e
299,0x98923f41e72e760d3c3c0904707112aa4e7e5098,USDC,BNB CHAIN,Fantom,Avalanche,620b6006d3ea681f35ebdd9a,620b60ffd3ea681f35ebddbf
300,0x63fd9f54b80e646e91c91d646a12681b3f361445,USDC,Avalanche,Fantom,BNB CHAIN,62111e5b9e1cf703a57a469e,62111e999e1cf703a57a46aa
301,0xfea4a07f89274ae04e52466df2fd71223ad89acf,DAI,Avalanche,Fantom,BNB CHAIN,62126c589e1cf703a57a778f,62126c589e1cf703a57a7797
302,0x0e27508571d724dfbf63672afa0253d46ef4a52c,USDT,Avalanche,Fantom,BNB CHAIN,620ee46edcf15fd1a4281eb3,620eedd2dcf15fd1a4282018
303,0x174124f9d6096b2c83064a21335b0f515e9f2b7f,USDC,BNB CHAIN,Avalanche,Polygon,620cb23c26b3d8ba9857da72,620cb86426b3d8ba9857dc2b
304,0x174124f9d6096b2c83064a21335b0f515e9f2b7f,USDC,Avalanche,Polygon,Avalanche,620cb86426b3d8ba9857dc2b,620cba1c26b3d8ba9857dc6d
305,0xca229c7f46d5b3c44e0c8d28f1d21f74ad4af333,USDT,BNB CHAIN,Avalanche,BNB CHAIN,6210185711d45e0a496738ad,62101aa211d45e0a49673973
306,0xca229c7f46d5b3c44e0c8d28f1d21f74ad4af333,USDT,BNB CHAIN,Avalanche,BNB CHAIN,62109d4411d45e0a49676d0b,6210a25611d45e0a49676de3
307,0x83f339dea0fd99ac6529a3a64ea48c12cbffd8de,USDC,Fantom,BNB CHAIN,Fantom,620f382b2aaabc039b73737f,620f414b9e1cf703a57a0415
308,0x83f339dea0fd99ac6529a3a64ea48c12cbffd8de,USDC,BNB CHAIN,Fantom,BNB CHAIN,620f414b9e1cf703a57a0415,620f42519e1cf703a57a043f
309,0x12007783d673723212dbe13f4f460070eab8e413,MIM,Fantom,Avalanche,Fantom,620e99eddcf15fd1a4281338,620ea215dcf15fd1a42814ad
310,0x12007783d673723212dbe13f4f460070eab8e413,WMEMO,Fantom,Avalanche,Fantom,62124e919e1cf703a57a71d3,621253bc9e1cf703a57a730c
311,0x12007783d673723212dbe13f4f460070eab8e413,WMEMO,Avalanche,Fantom,Avalanche,621253bc9e1cf703a57a730c,621254af9e1cf703a57a733b
312,0xc322150ad327091351af0c64f82627098cd04924,USDC,Avalanche,Fantom,BNB CHAIN,621254bf9e1cf703a57a7347,621257b911d45e0a49689021
313,0x4e2be742c076f7e0a86192a25151c2bbeba0386f,DAI,BNB CHAIN,Avalanche,BNB CHAIN,62125dc911d45e0a49689288,62125e8b11d45e0a496892a5
314,0x4e2be742c076f7e0a86192a25151c2bbeba0386f,DAI,Avalanche,BNB CHAIN,Avalanche,62125e8b11d45e0a496892a5,62125f4711d45e0a496892ee
315,0xc30876fc2a8fbd1b214c26599b9864f153a37dae,USDT,Avalanche,Fantom,Avalanche,6210e7c211d45e0a49678954,6210f4df11d45e0a49678dbc
316,0xc47ce9d5668132fec8d569728817a5f76b900679,DAI,Avalanche,Fantom,BNB CHAIN,621118179e1cf703a57a457c,62111aad9e1cf703a57a4600
317,0xb74465cefd9cac12a5e96a9736f131b02ab531d0,USDC,Fantom,Ethereum,Fantom,620a881fd3ea681f35ebbebe,620a8f9a854f936fad88e7f5
318,0xc33a02c25ea09a333616bc3cfcdac18d1acb9710,USDC,Avalanche,BNB CHAIN,Polygon,620f047562d48eee70ee6b4d,620f09c862d48eee70ee6d9d
319,0xf5c065e3b275ab0452661b27aa77e60c7a72cb8c,BNB,Avalanche,BNB CHAIN,Fantom,620af5d4d3ea681f35ebcf24,620af6ae854f936fad8944f7
320,0x64ad5067a44c5b777b2e2ae2c255c5b1976bb132,MIM,Ethereum,Avalanche,Fantom,620d06ebd3ea681f35ec2125,620d07a7d3ea681f35ec2148
321,0xc191e023e1dd7e4d61efe25c19cc9f11ee23a4e1,USDC,Avalanche,Fantom,Ethereum,6209fc77d3ea681f35ebab60,6209fd62d3ea681f35ebab77
322,0x14f3f8548774a4149b2f0ee15d7d221f1aea959a,MIM,Fantom,Ethereum,Avalanche,620c4f56d3ea681f35ec0734,620c5011854f936fad89b097
323,0x29a0e5b982c4032d17509a135ab9ea27af2bfe93,USDC,Fantom,Avalanche,Fantom,62096ee32219a24b7e94c2fe,62097a3b2219a24b7e94c515
324,0x29a0e5b982c4032d17509a135ab9ea27af2bfe93,USDT,Avalanche,Polygon,Avalanche,620cbf2726b3d8ba9857ddf9,620ccbbf26b3d8ba9857e2a3
325,0xf9c6ae6f454967e246dd2bc038fe5dc89f9c260b,USDT,Fantom,Polygon,Fantom,620978f6d3ea681f35eb991a,62097c922219a24b7e94c562
326,0xf9c6ae6f454967e246dd2bc038fe5dc89f9c260b,USDT,Polygon,Fantom,BNB CHAIN,62097c922219a24b7e94c562,62097e9cd3ea681f35eb9a01
327,0x54725b951c0a694c05d73943ca0b3697046c9789,USDC,BNB CHAIN,Polygon,Fantom,620d01793c8253c5fb8b88d5,620d04d33c8253c5fb8b8a30
328,0x54725b951c0a694c05d73943ca0b3697046c9789,USDC,Polygon,Fantom,BNB CHAIN,620d04d33c8253c5fb8b8a30,620d0b5f3c8253c5fb8b8bb7
329,0x3f6b4356e51c99bf5eb203af8f3ebb8711f6f961,USDC,BNB CHAIN,Fantom,Avalanche,621002429e1cf703a57a219a,621002be9e1cf703a57a21a8
330,0x37cd17512cb0386556e00255cbfef37f85ee8353,USDC,Avalanche,Ethereum,Fantom,620d04c63c8253c5fb8b8a2b,620d05753c8253c5fb8b8a71
331,0xcd812016b15e1937e281b7b7b1f1654e54cc0818,ETH,BNB CHAIN,Fantom,Polygon,621233b09e1cf703a57a6ce2,621232b59e1cf703a57a6cc3
332,0x371d95797e90e92d1bfa9d211e0b6b8acb1549dd,USDT,Polygon,Fantom,Polygon,620b21c2854f936fad894b64,620b2a57d3ea681f35ebd66c
333,0x019def0e960fff397df7910fb5383cfb6a79f25d,USDC,Fantom,Avalanche,Fantom,620f8d7b11d45e0a4966fa41,620f8fc711d45e0a4966fb7b
334,0x96b051eeb575520942a3fcbce6e53d5c2b0812ca,USDC,Polygon,Fantom,Avalanche,62098ec9d3ea681f35eb9cac,62098f46d3ea681f35eb9cbb
335,0x41d78651428dcd28053de79513c7df9fab6225e2,USDC,Avalanche,Polygon,BNB CHAIN,620a957b854f936fad88eb49,620a96ad854f936fad88ec3f
336,0x41d78651428dcd28053de79513c7df9fab6225e2,UFARM,Avalanche,BNB CHAIN,Polygon,620d2f443c8253c5fb8b9596,620d32e33c8253c5fb8b96de
337,0x61eaf25523a044de3fac6d339d7683cf932612e2,BNB,BNB CHAIN,Fantom,BNB CHAIN,621172019e1cf703a57a53aa,621172019e1cf703a57a53ab
338,0x30a1cee5e3a1a9abe6b532bbd834329220bcd735,USDC,Avalanche,BNB CHAIN,Avalanche,620ccd481ddd18c557e91bea,620cd40d1ddd18c557e91df8
339,0xc895e0889833ff0f368a0b501328fe9731b45f28,USDC,Avalanche,BNB CHAIN,Fantom,620f9eaa11d45e0a4966fecf,620f9f6211d45e0a4966fee8
340,0x0b368fbdcf7e0042614af02b446e11061fd93084,MIM,Avalanche,Fantom,BNB CHAIN,620fb8e09e1cf703a57a1511,620fb91e9e1cf703a57a151a
341,0x0e876909c8b03ee734903ea01bc26f3eb11f5eee,USDT,Avalanche,BNB CHAIN,Avalanche,6211704211d45e0a496800fa,621127cc11d45e0a49679e52
342,0x0e876909c8b03ee734903ea01bc26f3eb11f5eee,USDT,BNB CHAIN,Avalanche,BNB CHAIN,621127cc11d45e0a49679e52,62117d4611d45e0a49680f27
343,0xd4ee113548dd66913dff6743e9b89e9fca7e4ead,WBTC,Fantom,Avalanche,BNB CHAIN,620c6c5e854f936fad89c409,620c753c854f936fad89c601
344,0xe9e3e67d02bf6ffe167d7de17909ff931f99949a,USDC,BNB CHAIN,Fantom,Polygon,620a70b3d3ea681f35ebbb1c,620a70b3d3ea681f35ebbb1a
345,0x58b80ff10946cfda425c81f8619c6c1615a517b5,ETH,Fantom,Avalanche,Fantom,620bbf33854f936fad897f9a,620bccb3854f936fad89893d
346,0x2619da7e647a641d75600ceb7d9d86ed1e67ca39,USDT,BNB CHAIN,Avalanche,BNB CHAIN,620a9b9d854f936fad88efb8,620aea31854f936fad8942b8
347,0x6de0f22113cd79b144fa751a988c271de27f6ee1,USDC,Fantom,BNB CHAIN,Fantom,620f719b11d45e0a4966f2b1,620f726111d45e0a4966f2f0
348,0x2f5f8aede9ad024b08bbb9ec92a09c109e224a4e,USDC,Fantom,BNB CHAIN,Fantom,620a8094854f936fad88df27,620a8216854f936fad88e00b
349,0x2f5f8aede9ad024b08bbb9ec92a09c109e224a4e,USDT,Polygon,BNB CHAIN,Fantom,620e6df262d48eee70ee1ee4,620e714262d48eee70ee22b8
350,0x0c537b90289209544fcc77048b5716f60093d19d,USDT,Avalanche,Fantom,BNB CHAIN,6210cc7811d45e0a4967761e,6210d45511d45e0a49677b6b
351,0x5a81db8a74a9fb5fb4eee0312145db6444ca0c64,USDT,Avalanche,Polygon,BNB CHAIN,620d27be3c8253c5fb8b93f5,620d2d813c8253c5fb8b9500
352,0xd41359abcfce3979b5daa80ce5df6c82a6222361,USDC,BNB CHAIN,Fantom,BNB CHAIN,620e219462d48eee70edf2f8,620e2e8c62d48eee70edf593
353,0x24067919e98e37d6af98d747ebafa8aab31db2c8,MIM,Avalanche,Fantom,Avalanche,6210213a9e1cf703a57a25c1,621027489e1cf703a57a268d
354,0x6ec54a0af77f1b18269b20f8c46043a285fbfd35,MIM,Avalanche,Fantom,Avalanche,620b8ee7d3ea681f35ebe579,620b8f63d3ea681f35ebe588
355,0xb75af6aac0b676857bd1e0953849593b25f6adec,USDC,BNB CHAIN,Avalanche,BNB CHAIN,620b6838854f936fad8961f4,620b6f07854f936fad8963e8
356,0xd4756824e38d2d08938e26fb46aa3dde1826d922,USDC,Ethereum,Fantom,Avalanche,620c637cd3ea681f35ec0a69,620c6471d3ea681f35ec0a94
357,0xfda276dd36f4db76b7ba7a533b65d477e798f2bd,NFTY,BNB CHAIN,Ethereum,BNB CHAIN,620b822d854f936fad896812,620b832c854f936fad896855
358,0x172a90b4197c5bb1babd806b9bf1e6cff25d56a3,BNB,Avalanche,BNB CHAIN,Fantom,620b3a42d3ea681f35ebd8a0,620b3ba3854f936fad894fcb
359,0x80b3153f39aeec1ef68adc038913698e103e6e1d,USDC,Polygon,Ethereum,Fantom,6211ced411d45e0a49685d47,6211d22e11d45e0a49685d92
360,0xcb1f41950aa38e6125f9006eaf2e26a0a59333df,MIM,Ethereum,Fantom,Avalanche,6209d343d3ea681f35eba59a,6209d778d3ea681f35eba624
361,0xdf7b69c22b96f2c7e07687971551021058260451,ETH,Polygon,BNB CHAIN,Avalanche,620e56cc62d48eee70ee078b,620e593362d48eee70ee08b5
362,0x67468fc7f9f9656ce40156516f5839a2f8e67697,USDC,BNB CHAIN,Polygon,BNB CHAIN,620dc99a3c8253c5fb8bd135,620dcfa83c8253c5fb8bd323
363,0xfbc20f6e39310d5b7ddb172246c0d514c59d8c66,USDC,Ethereum,Fantom,Avalanche,62096ed9d3ea681f35eb9768,62096f98d3ea681f35eb9793
364,0xcada38b3d2e3d8714e783ae8c420b4024817e3e8,USDC,Polygon,BNB CHAIN,Polygon,62099e7f2219a24b7e94ca75,6209a00c2219a24b7e94cb02
365,0xcada38b3d2e3d8714e783ae8c420b4024817e3e8,USDC,BNB CHAIN,Polygon,BNB CHAIN,6209a00c2219a24b7e94cb02,6209a1bb2219a24b7e94cb90
366,0xcada38b3d2e3d8714e783ae8c420b4024817e3e8,USDC,Polygon,BNB CHAIN,Polygon,6209a1bb2219a24b7e94cb90,6209a3ce2219a24b7e94cc86
367,0xcada38b3d2e3d8714e783ae8c420b4024817e3e8,USDC,Polygon,BNB CHAIN,Polygon,620b5de7854f936fad895d64,620b6000854f936fad895eb9
368,0xcada38b3d2e3d8714e783ae8c420b4024817e3e8,USDC,BNB CHAIN,Polygon,BNB CHAIN,620b6000854f936fad895eb9,620b618c854f936fad895f8d
369,0xcada38b3d2e3d8714e783ae8c420b4024817e3e8,USDC,Polygon,BNB CHAIN,Polygon,620b618c854f936fad895f8d,620b6357854f936fad896077
370,0xcada38b3d2e3d8714e783ae8c420b4024817e3e8,USDC,Polygon,BNB CHAIN,Polygon,620c5732854f936fad89b3b0,620c5986854f936fad89b53f
371,0xcada38b3d2e3d8714e783ae8c420b4024817e3e8,USDC,BNB CHAIN,Polygon,BNB CHAIN,620c5986854f936fad89b53f,620c5c91854f936fad89b774
372,0xcada38b3d2e3d8714e783ae8c420b4024817e3e8,USDC,Polygon,BNB CHAIN,Polygon,620c5c91854f936fad89b774,620c5e47854f936fad89b90d
373,0xcada38b3d2e3d8714e783ae8c420b4024817e3e8,USDC,Polygon,BNB CHAIN,Polygon,620d9e173c8253c5fb8bc0b9,620da0c23c8253c5fb8bc1ff
374,0x0f11e07b35700ab3aff44228136757e59ad6d404,USDT,BNB CHAIN,Fantom,Avalanche,620daf6ad3ea681f35ec3da9,620dafead3ea681f35ec3db3
375,0xd5f6fb71d62b2c58aafcde8a4c3c3c404433e3e4,USDT,Fantom,Avalanche,BNB CHAIN,62115ec89e1cf703a57a50c4,6211974511d45e0a4968366d
376,0x3f05b51905c2f337bfb5009ec5d0683a9a742d6d,MIM,BNB CHAIN,Avalanche,BNB CHAIN,62113f2b9e1cf703a57a4c4b,62119f0311d45e0a49683f72
377,0xc33dde15f3d31485e271d042f175b2442834381d,USDT,BNB CHAIN,Fantom,BNB CHAIN,620be74a854f936fad89904c,620bf2e0854f936fad89935e
378,0x326156177e69d3fe93fcc1eb4a0b2886fe34dc3f,USDT,Fantom,BNB CHAIN,Ethereum,620be2d0854f936fad898f8d,620be639854f936fad89901a
379,0xbca91f44c72bdf61ab159d9fa6d16eb2e4ca095e,USDC,Polygon,Fantom,Avalanche,620fe5b111d45e0a49672396,620ff34d11d45e0a49672ed9
380,0x29b0c5f73120c78abd6821c607ad371e7a8b4836,BNB,BNB CHAIN,Fantom,BNB CHAIN,620b0ee8d3ea681f35ebd295,620b1578d3ea681f35ebd386
381,0x29b0c5f73120c78abd6821c607ad371e7a8b4836,BNB,Fantom,BNB CHAIN,Fantom,620b1578d3ea681f35ebd386,620b2130d3ea681f35ebd515
382,0x9e6cbf203698040a01bb23b7648e4e3296ec6e2a,USDC,Fantom,BNB CHAIN,Fantom,62097caed3ea681f35eb99c2,62098136d3ea681f35eb9a70
383,0x9e6cbf203698040a01bb23b7648e4e3296ec6e2a,USDC,BNB CHAIN,Fantom,BNB CHAIN,62098136d3ea681f35eb9a70,6209883ed3ea681f35eb9baa
384,0x0318ccfbfae5e2c06b2f533a35acecea13b9909f,USDC,Fantom,Avalanche,BNB CHAIN,621139e111d45e0a4967ac3c,6211a0b011d45e0a4968419d
385,0x379a61a7dcc59e5f2d5e635088b4f3bc35342e7c,USDT,Fantom,BNB CHAIN,Fantom,6209ae692219a24b7e94cebb,6209bb972219a24b7e94d0e4
386,0x80b5f716b6ee1fd2637863d9fb8715adb7d15fee,MIM,Avalanche,BNB CHAIN,Fantom,620a697e854f936fad88d3d2,620a69dc854f936fad88d3ec
387,0xaaa0efff2f03b1e6d59cb1e0c02c154182995615,USDT,Ethereum,Fantom,BNB CHAIN,620b83ded3ea681f35ebe358,620b858ad3ea681f35ebe3c1
388,0xe637b37a21959e0339ba41fb1a671cd50667f907,MIM,Avalanche,Polygon,Avalanche,6210c2789e1cf703a57a386b,6210c7e09e1cf703a57a38f6
389,0xfed784c99ab1aa24e7410bd9d140cbf6dd50890d,USDC,Avalanche,Fantom,Avalanche,620a2b57d3ea681f35ebb15f,620a2ed1d3ea681f35ebb1dc
390,0xd1bbb8dc0427965bb17ba9e0f30782f2f4f31fa8,USDT,Avalanche,BNB CHAIN,Polygon,620ff97111d45e0a496732c1,621005be11d45e0a496734ba
391,0x639090cdd215010fe54c36a49bbd1604f034e1d4,USDC,BNB CHAIN,Fantom,Ethereum,62101a319e1cf703a57a24d6,62101cbd9e1cf703a57a2527
392,0x4a8adfc511f800df904b0536354c4038dd3bb74a,USDT,Polygon,Fantom,Ethereum,620ad637d3ea681f35ebcad9,620ad505d3ea681f35ebcaa5
393,0x8b457173d22c19ff299cf3d7c64b17354afea8cb,USDC,Polygon,BNB CHAIN,Fantom,62095af32219a24b7e94bec4,62095c8a2219a24b7e94bf45
394,0x8a9d159bc3e61c683c71da9b72bc9f60a20a44d2,USDC,Fantom,Avalanche,Fantom,620fe5e79e1cf703a57a1d39,620fef4011d45e0a49672b8a
395,0xfcc5ace0cdafc69b1b622ea2af8f405eaadfb235,USDC,BNB CHAIN,Fantom,Avalanche,6210ea509e1cf703a57a3dd4,6210ebc59e1cf703a57a3e3d
396,0xda23135e114b9f84c31a3036d4c171c22bd80d5f,BNB,BNB CHAIN,Fantom,BNB CHAIN,620ecf4cdcf15fd1a4281bb2,620edd1fdcf15fd1a4281daf
397,0x63d1277b25710bfeb1e95085262f365a5cc8dfaf,USDC,Polygon,Fantom,Avalanche,6209199bd3ea681f35eb8872,62091a7bd3ea681f35eb88a2
398,0x63d1277b25710bfeb1e95085262f365a5cc8dfaf,USDC,Avalanche,Fantom,Polygon,620b83f2d3ea681f35ebe365,620b858ad3ea681f35ebe3be
399,0x63d1277b25710bfeb1e95085262f365a5cc8dfaf,USDC,Polygon,Fantom,Avalanche,620e2ca2dcf15fd1a428017f,620e2ebfdcf15fd1a42801ce
400,0xe131de7bf5d00f04b57fd137ede79b6e1c7b32bf,MIM,Avalanche,Fantom,Avalanche,620bde99d3ea681f35ebf43f,620be04fd3ea681f35ebf492
401,0x70c3880ae0ff33f8e289e3c7aa62c81bde4a1d56,USDT,Fantom,BNB CHAIN,Fantom,620c6f0e854f936fad89c4f3,620c74f4854f936fad89c5f4
402,0x3bcc607b486cb96ce1e4badfa0c12ac5baf8dfd9,USDC,Fantom,Avalanche,Fantom,6209d94ed3ea681f35eba667,6209ddc0d3ea681f35eba707
403,0x3bcc607b486cb96ce1e4badfa0c12ac5baf8dfd9,USDC,Fantom,Avalanche,Fantom,620bc5cad3ea681f35ebef46,620bd88fd3ea681f35ebf2f9
404,0x48e3b6a1fcbceaf45092545e9077a3e2c0e4bb14,USDT,Avalanche,Fantom,BNB CHAIN,6209933cd3ea681f35eb9d59,620993f7d3ea681f35eb9d75
405,0x9a4a4a986b4a553e7dc78044a88a702351cc66b1,AVAX,Fantom,Avalanche,Fantom,620fc7689e1cf703a57a17dd,620fd9cb11d45e0a49671962
406,0x9a4a4a986b4a553e7dc78044a88a702351cc66b1,AVAX,Avalanche,Fantom,Avalanche,620fd9cb11d45e0a49671962,620fdade9e1cf703a57a1b61
407,0x9a4a4a986b4a553e7dc78044a88a702351cc66b1,USDC,BNB CHAIN,Fantom,Avalanche,620bab86d3ea681f35ebea3a,620babc5d3ea681f35ebea40
408,0x3abe7b741708f9fe0fd7b838a083729c1fd61b57,BNB,BNB CHAIN,Fantom,BNB CHAIN,62093a9cd3ea681f35eb8de2,62093b86d3ea681f35eb8e11
409,0x3abe7b741708f9fe0fd7b838a083729c1fd61b57,AVAX,Fantom,Avalanche,Fantom,62093c3ad3ea681f35eb8e35,62094306d3ea681f35eb8f8c
410,0xaa6170af3ff199ce47ff92089a1d5c5f7d5a636b,USDC,Avalanche,Fantom,BNB CHAIN,620dd530d3ea681f35ec4294,620dd5f6d3ea681f35ec42ac
411,0xd4026c1874738aefd2fba20124e61d40f42778f5,MIM,Avalanche,Fantom,Avalanche,62094076d3ea681f35eb8f11,62094b75d3ea681f35eb90f5
412,0x554156e0c12da1db3cedab58d60dc314e2f082de,USDC,BNB CHAIN,Fantom,Avalanche,620be69ad3ea681f35ebf5d6,620be6ddd3ea681f35ebf5e8
413,0x4cbe6c98651425a678ff0607bd71b0abdafa30b0,BNB,BNB CHAIN,Fantom,BNB CHAIN,620b0ee8d3ea681f35ebd294,620b11bad3ea681f35ebd2f9
414,0x4cbe6c98651425a678ff0607bd71b0abdafa30b0,BNB,Fantom,BNB CHAIN,Fantom,620b11bad3ea681f35ebd2f9,620b1f51d3ea681f35ebd4ca
415,0xe990f34d8303e038f435455a8b85c481b41a8b0c,DAI,BNB CHAIN,Polygon,Fantom,62113bd011d45e0a4967ae81,62113dd011d45e0a4967b11a
416,0xe090e4344237416ab3841b7a2458f42b07c2241a,USDC,Polygon,BNB CHAIN,Avalanche,620fdfce11d45e0a49671e84,620fe40411d45e0a49672212
417,0x90498570d0aa0cc09f6d73b7d226aa540bef0086,USDC,BNB CHAIN,Fantom,Avalanche,620a76ddd3ea681f35ebbc28,620a771bd3ea681f35ebbc30
418,0x47beca077c6e8743038ddc034c69209aa6007bb5,USDC,Fantom,BNB CHAIN,Fantom,621008b311d45e0a4967351f,62100a9711d45e0a49673553
419,0xd146c053f9ea51199d273c769c4fae2a8e12d7b3,ETH,Polygon,BNB CHAIN,Ethereum,620fa0519e1cf703a57a10f0,620fa18a11d45e0a4966ff5e
420,0xefed8f917369f732084b6ada9c40339d1b4448d2,USDC,Ethereum,Fantom,Avalanche,620de33edcf15fd1a427f8b1,620de3f9dcf15fd1a427f8c3
421,0x7d4a1f56215909a640a9615dcc43262e021dc912,USDC,Fantom,Avalanche,Polygon,620b30bd854f936fad894e08,620b3290854f936fad894e47
422,0xd2d7660c6ac39cbdd12611488471aa0afc36afdb,USDC,Avalanche,Fantom,BNB CHAIN,620974bfd3ea681f35eb9863,62097f85d3ea681f35eb9a2a
423,0xa1b6f1f6ef94383d601b04821405cef63bfb8fec,USDC,Fantom,BNB CHAIN,Fantom,6211171c9e1cf703a57a4554,62111e999e1cf703a57a46a8
424,0x5f4422a30b012835773f65ae9983042df1aaf7f0,USDC,Polygon,Fantom,Ethereum,620cffba3c8253c5fb8b8873,620d0316d3ea681f35ec2068
425,0x1d450ec9cfa240d43b7d8f3d055f3097c90d6b7f,USDT,BNB CHAIN,Fantom,BNB CHAIN,620a75ded3ea681f35ebbbfc,620a7bcdd3ea681f35ebbcd0
426,0x1d450ec9cfa240d43b7d8f3d055f3097c90d6b7f,USDT,Fantom,BNB CHAIN,Fantom,620a7bcdd3ea681f35ebbcd0,620a8957d3ea681f35ebbeee
427,0x1cd740ed1375a7bee044fcad229eb4c90f299054,USDC,BNB CHAIN,Fantom,Polygon,620ff0009e1cf703a57a1ed9,620ff15f9e1cf703a57a1f14
428,0x27f20a056c8b641769cc89b6c7a8ffbbf08a9647,DAI,Avalanche,Fantom,BNB CHAIN,620c6cafd3ea681f35ec0bae,620c6d15d3ea681f35ec0bbe
429,0x16ccd2a1346978e27fdcbda43569e251c4227341,FTM,Ethereum,Fantom,Ethereum,62111a9a9e1cf703a57a45f9,62111b0c9e1cf703a57a460f
430,0x16ccd2a1346978e27fdcbda43569e251c4227341,FTM,Fantom,Ethereum,Fantom,62111b0c9e1cf703a57a460f,62111d269e1cf703a57a4675
431,0x9aec2edfa7ad43cd5fadfc6f64809b04ea68693f,USDC,Fantom,Avalanche,Ethereum,620fcef69e1cf703a57a1962,620fda2b11d45e0a496719b3
432,0x2406a9333378e30b9581b8356bb81b4f9bdff005,ICE,Fantom,Ethereum,Fantom,620bbba6d3ea681f35ebed63,620bbd85d3ea681f35ebedc7
433,0xba6b7173ff3397303365d10d5f1e6f00034e8afb,USDC,Fantom,Avalanche,Fantom,6211126c9e1cf703a57a44a7,621115ce9e1cf703a57a4526
434,0x5238f267a2aebc4765bce4c0effde4bc4f21134b,USDC,Polygon,BNB CHAIN,Avalanche,6210261c11d45e0a49673e88,6210282311d45e0a49673f87
435,0x6ed4a52811498c3320c44206f8f31884915a9f28,USDT,BNB CHAIN,Fantom,Avalanche,6209b976d3ea681f35eba243,6209ba5bd3ea681f35eba268
436,0xf18f60e332830fb7a231684aeacbaa716221df23,AVAX,Avalanche,Fantom,Avalanche,620959fed3ea681f35eb9383,62095cd0d3ea681f35eb9401
437,0xf18f60e332830fb7a231684aeacbaa716221df23,AVAX,Avalanche,Fantom,Avalanche,620e6b6edcf15fd1a4280b34,620e76e9dcf15fd1a4280d2e
438,0x8e77b367fe90d91b3f56be198ded811b74c82be3,BNB,Fantom,BNB CHAIN,Fantom,620d2ef0d3ea681f35ec286c,620d36a7d3ea681f35ec29c4
439,0x88e10e46133c03ff1c17e6b3189d2235f430a942,USDC,Avalanche,Fantom,BNB CHAIN,620ede4bdcf15fd1a4281ddd,620ede89dcf15fd1a4281de8
440,0xd319e6b1ebfbef93ddeb1ef4b35e14d8b6a84e2f,LIQR,Avalanche,BNB CHAIN,Fantom,620cb687d3ea681f35ec1590,620cb709d3ea681f35ec15a0
441,0x52d9a78afbab0c9c20ca2b1a50c727a8065f1e54,USDC,Ethereum,Fantom,BNB CHAIN,6210c31611d45e0a496773f3,6210cac411d45e0a4967758e
442,0x4188663a85c92eea35b5ad3aa5ca7ceb237c6fe9,USDC,Avalanche,Fantom,Ethereum,6210e6bb11d45e0a4967887f,6210e8309e1cf703a57a3d73
443,0x9d159d04ec9fe8f26697260610df8a434c160c67,BNB,BNB CHAIN,Fantom,BNB CHAIN,6210ef4711d45e0a49678c5e,6210f3329e1cf703a57a3f6e
444,0x4fc4cc89115b0bbd3907bbd39a56b11ed9271513,USDC,Fantom,Polygon,BNB CHAIN,620e01e49e7d5ed1f4f40f49,620e0c7e9e7d5ed1f4f410ee
445,0x1a374616e6621f306d8460487141baddf3fa4bef,DAI,Ethereum,Fantom,Polygon,6210e7f29e1cf703a57a3d66,6210e9329e1cf703a57a3da0
446,0xe0affeff52d8e0b24e6965e3db8c63e232269c1e,DAI,BNB CHAIN,Fantom,Avalanche,620b92b3d3ea681f35ebe605,620b92f1d3ea681f35ebe60e
447,0xcfbe78cc232f2a362fb606cd8344337230cc8c2b,USDC,BNB CHAIN,Fantom,BNB CHAIN,620e446262d48eee70edfa9c,620e46ebdcf15fd1a428054b
448,0x4e880933aaa461a5fbd0d499f1e142d78f77c8ea,USDC,Ethereum,Fantom,Ethereum,620c448ad3ea681f35ec05b8,620c4fcad3ea681f35ec0742
449,0x18080e445b7e6eaf5c944c7173e375da61cbdc85,USDT,Ethereum,BNB CHAIN,Ethereum,6210cb5611d45e0a496775bd,6210d8c311d45e0a49677eb5
450,0x70c7523def995abe4262a12ba1bba3df79a160ca,BSGG,Ethereum,Avalanche,Fantom,620edf8262d48eee70ee5ec9,620ee16f62d48eee70ee5f0a
451,0x8be3ec7cde3e275c958b1896ae75dacdfbe9b02e,USDC,BNB CHAIN,Fantom,Avalanche,620e2be062d48eee70edf4ef,620e2dd762d48eee70edf56c
452,0x2266f6eb83656bf982647ee4689f9a31f0c2d6fb,MIM,Avalanche,Fantom,BNB CHAIN,620bbe91d3ea681f35ebee03,620bbf14d3ea681f35ebee1d
453,0x447491056adbd34fbf51cb8b73bf52bdff781015,USDT,Polygon,Fantom,BNB CHAIN,621036ca9e1cf703a57a2856,62103a089e1cf703a57a28ba
454,0x64dc0ba06f9d291d8999dc69f3573ecc8e16362b,USDC,BNB CHAIN,Fantom,Ethereum,620bf646d3ea681f35ebf8bb,620bf6f5d3ea681f35ebf8d3
455,0x957b1d037b5d1c1589d19491d6be70510d335dea,USDC,BNB CHAIN,Fantom,Polygon,62101b0e11d45e0a4967399f,62101ce411d45e0a49673a52
456,0xb8a63574555425116d9086b27b222a77d3a3a23d,BNB,Fantom,BNB CHAIN,Fantom,6209de70d3ea681f35eba71e,6209e36dd3ea681f35eba7d5
457,0xae73c3e7130553d25fba71c25e7894dc37dfe5c5,AVAX,Fantom,Avalanche,Fantom,620e9d5ddcf15fd1a42813db,620eacd3dcf15fd1a428165b
458,0x1756cf398e8db96d071b785080c9d07d8d78a2eb,USDC,Avalanche,Fantom,BNB CHAIN,6209eee2d3ea681f35eba97c,6209ef21d3ea681f35eba989
459,0xb14e6a6ccb58f3311a38fa9bf8819d245e88fe9b,BNB,Fantom,BNB CHAIN,Fantom,6209ef87d3ea681f35eba998,6209faced3ea681f35ebab1e
460,0xaac9211eaa8dc84c421e700292bb60af33fe5168,MIM,Avalanche,Polygon,BNB CHAIN,6210607611d45e0a49675912,621060ea11d45e0a49675991
461,0xaac9211eaa8dc84c421e700292bb60af33fe5168,MIM,Polygon,BNB CHAIN,Fantom,621060ea11d45e0a49675991,6210640911d45e0a49675df4
462,0xe08fd80d7d0593a616c01a3f2a17bdc3206c71b4,USDC,Polygon,Fantom,Avalanche,620c1cdf854f936fad899c79,620c246bd3ea681f35ec0073
463,0xf5d210c602715c8171258c240f84bba1e3085ce2,USDC,Avalanche,Fantom,BNB CHAIN,621060439e1cf703a57a2d1b,621060819e1cf703a57a2d2d
464,0x68b51f39cfba57edab820f0b576a036faa759c73,USDC,BNB CHAIN,Fantom,Avalanche,620dbfd2d3ea681f35ec3fd2,620dc22bd3ea681f35ec4021
465,0x65826f122299f94035ed29654a55f59d6b396214,USDC,Polygon,BNB CHAIN,Polygon,620f53ec9e1cf703a57a0657,620f5d2e11d45e0a4966e6c5
466,0xe0cf355cb0c76249bf8db0ea60a7fc9ffdfadfe6,USDC,Fantom,Polygon,Fantom,620a00e5854f936fad88bc9f,620a04ac854f936fad88bdb8
467,0x9c6f529ee306cebb74be8dec93a617726f0e689a,USDC,Polygon,BNB CHAIN,Polygon,620c16c3854f936fad899aa5,620c1c92854f936fad899c51
468,0x2479064e01bc5fe2e43fdb709f85e208d017bd60,USDC,Avalanche,Fantom,BNB CHAIN,620faffc9e1cf703a57a1327,620fb4e99e1cf703a57a1444
469,0x935e9b501e535011edeef728d93c3ae059026b0c,USDC,Ethereum,Fantom,Ethereum,6209cd8ed3ea681f35eba4ec,6209cdcad3ea681f35eba4f7
470,0x7a3af3b26a1b64459d8136a9278040cc2374e55d,MIM,Avalanche,Fantom,BNB CHAIN,620e72e562d48eee70ee249d,620e742c62d48eee70ee263e
471,0x9449ee434c633a1096d9e622edaa5a3b6d292d5f,USDC,Avalanche,Fantom,Avalanche,620bee45854f936fad89925b,620beee6854f936fad899277
472,0x9449ee434c633a1096d9e622edaa5a3b6d292d5f,USDC,Avalanche,BNB CHAIN,Fantom,620d0c2f3c8253c5fb8b8be6,620d0cd43c8253c5fb8b8c1b
473,0xfbd1cd5c8b88aca8c3c8b28e1375df002619f392,MAI,Avalanche,Fantom,Polygon,6209837ed3ea681f35eb9ae8,62098598d3ea681f35eb9b37
474,0xe80d315349e6cbc79280c9d30e536c00affe6ef7,USDT,Avalanche,Fantom,BNB CHAIN,620e776adcf15fd1a4280d45,620e77a7dcf15fd1a4280d4c
475,0xcd22a9e9cb3120fa4a81ac4c6f1f46a0ad7d7858,BNB,Fantom,BNB CHAIN,Avalanche,620b4459d3ea681f35ebd9eb,620b447d854f936fad8951ed
476,0xc9e01093a2c6ddd771704c184fdbc14afeb98b4e,USDC,BNB CHAIN,Polygon,Avalanche,620d42893c8253c5fb8ba055,620d435e3c8253c5fb8ba0e8
477,0x32e9133119dbf1debcf69f557a70d3bafbedceae,BNB,BNB CHAIN,Fantom,BNB CHAIN,620cfd3dd3ea681f35ec1f4a,620cff1cd3ea681f35ec1f8f
478,0x8be6773433acbfdcfc6320a359bb5b3ff6975956,AVAX,Avalanche,Fantom,Avalanche,620c9c6dd3ea681f35ec123f,620c9d60d3ea681f35ec1260
479,0xe8e1f7299ba6cf14cead1acab154cc8c91077625,USDC,BNB CHAIN,Fantom,Avalanche,620ec796dcf15fd1a4281a95,620ec7d4dcf15fd1a4281a9c
480,0x514aeb041175bb0df8b1f5498933c9859841b4a2,BNB,BNB CHAIN,Fantom,BNB CHAIN,620d7411d3ea681f35ec34ad,620d75bad3ea681f35ec34eb
481,0x12c759a7d404931d9b02212f36e33a70d2bbe4aa,DAI,Avalanche,Polygon,Avalanche,620c182b854f936fad899ae0,620c1b5b854f936fad899c03
482,0x12c759a7d404931d9b02212f36e33a70d2bbe4aa,DAI,Polygon,Avalanche,Polygon,620c1b5b854f936fad899c03,620c1f10854f936fad899d01
483,0x12c759a7d404931d9b02212f36e33a70d2bbe4aa,DAI,Avalanche,Polygon,BNB CHAIN,620c1f10854f936fad899d01,620c2289854f936fad899dfd
484,0xd0c7502d643e2d53aae30d1aedc3d73802408bb4,USDC,Fantom,Avalanche,Fantom,620ce7b2d3ea681f35ec1c3a,620cf582d3ea681f35ec1e22
485,0x55b1cd83c338d5199bcd6101c5364b51fe4f6e8a,USDC,Fantom,Polygon,Avalanche,620fe62711d45e0a496723fc,620ff0a211d45e0a49672cb3
486,0x51f0cf037d370867e2d7899a377eaa9588888888,USDT,Avalanche,BNB CHAIN,Avalanche,620feae311d45e0a496727dc,620fec2111d45e0a496728d8
487,0x51f0cf037d370867e2d7899a377eaa9588888888,USDT,BNB CHAIN,Avalanche,BNB CHAIN,620fec2111d45e0a496728d8,620fecba11d45e0a4967295b
488,0xbc2f84903bf44896998ec70e5923ca368433574c,USDC,Fantom,Avalanche,Fantom,620e753a62d48eee70ee279b,620e76a262d48eee70ee295a
489,0xbc2f84903bf44896998ec70e5923ca368433574c,USDC,Avalanche,Fantom,Avalanche,620e76a262d48eee70ee295a,620e775c62d48eee70ee2a41
490,0xbc2f84903bf44896998ec70e5923ca368433574c,USDC,Fantom,Avalanche,Polygon,620e775c62d48eee70ee2a41,620e796862d48eee70ee2c8e
491,0x3ca99a967825891e2ae4f5f05367ad7fa83f22a9,USDC,Polygon,Fantom,BNB CHAIN,620b4ad1854f936fad8953d0,620b552a854f936fad89595d
492,0xfbb8b569baa4a942dda5784e31b063a492917def,WOW,Ethereum,BNB CHAIN,Avalanche,620e696c62d48eee70ee198f,620e6a0262d48eee70ee1a4f
493,0x6612b8ab3afd0df45b0854edc7fe2b4669a9e675,USDC,Polygon,Fantom,BNB CHAIN,620fcd9b9e1cf703a57a190a,620fcf349e1cf703a57a196b
494,0xa129cdb68939dae0e1eaf0d7406401e758f9fa06,USDC,BNB CHAIN,Fantom,BNB CHAIN,620f842811d45e0a4966f7ef,620f89d59e1cf703a57a0dcd
495,0xba2aec28e9539373ee737f26cbf3f30648f12c8f,USDC,Fantom,Avalanche,Fantom,620dd35c3c8253c5fb8bd452,620dd58f3c8253c5fb8bd51d
496,0x615b12d8de9d8c649de8b5813e23ba11b3f15aff,USDC,Polygon,BNB CHAIN,Fantom,620922a52219a24b7e94b1fc,620924952219a24b7e94b2f0
497,0x3842d4e28d4345d4454b07dffe517514025cecf6,AVAX,Avalanche,Fantom,Avalanche,6209d984d3ea681f35eba66f,6209e17fd3ea681f35eba78b
498,0xf29f82de8b295bc956db2f718abd731f218e8235,USDT,BNB CHAIN,Fantom,Avalanche,62094e0cd3ea681f35eb9158,62094e4ad3ea681f35eb915f
499,0x8e71eebe38640cab36f99c896d651a002bb0d873,BNB,Fantom,BNB CHAIN,Avalanche,620d7669d3ea681f35ec3506,620d76a73c8253c5fb8bb763
500,0x0d9f020f03978d9190cd9b1fa7cf65176d669790,USDC,Avalanche,Fantom,BNB CHAIN,620fa3a19e1cf703a57a116e,620fa4449e1cf703a57a1182
501,0x76e76d19020adb4c98354c96bf0d4ddccce307a5,AVAX,Avalanche,Fantom,Avalanche,62093c3ad3ea681f35eb8e36,62093f87d3ea681f35eb8eed
502,0xdee45f774fa311199c5900e7c99a609e27edcd4e,DAI,Polygon,Fantom,Polygon,620bad65854f936fad8974be,620bb2da854f936fad897646
503,0xcf3a60567d3b9d66c1806ef9be6400228f6a6c31,USDC,Ethereum,Fantom,Avalanche,620f8ea211d45e0a4966faf3,620f90df11d45e0a4966fbc1
504,0x64e27613b40df7e4de86d47306e521c6521c8119,DAI,BNB CHAIN,Polygon,Fantom,6209499f2219a24b7e94bac9,62095651d3ea681f35eb92e7
505,0xe342c1e98c76ac39cbedcabe2f4fe180935ed987,USDT,Avalanche,BNB CHAIN,Fantom,620b040b854f936fad8946fc,620b0c0a854f936fad894850
506,0x615ba5041a3e17fa69607e181f8f81e4e01cc9e7,USDC,Avalanche,Polygon,BNB CHAIN,620f37122aaabc039b7372a1,620f37fc2aaabc039b737357
507,0xd30ce5186e87912c3f55f22983073d76604ffe9c,USDC,Avalanche,Fantom,BNB CHAIN,6209e376d3ea681f35eba7dc,6209e3b4d3ea681f35eba7e3
508,0x1325625ae81846e80ac9d0b8113f31e1f8b479a8,USDC,BNB CHAIN,Fantom,Avalanche,620b7fbdd3ea681f35ebe2a2,620b8112d3ea681f35ebe2d6
509,0x62f1c584c76449889a3c51d643cbb88d811e9bad,USDT,Fantom,Polygon,BNB CHAIN,620b0ad9854f936fad894812,620b0bb8854f936fad894837
510,0x27878afd9e691936d71cc660b0a809ac1fa4ef89,USDC,Fantom,BNB CHAIN,Avalanche,620baa80854f936fad89738c,620baab7854f936fad8973a9
511,0x27878afd9e691936d71cc660b0a809ac1fa4ef89,USDC,BNB CHAIN,Avalanche,BNB CHAIN,620baab7854f936fad8973a9,620bb29b854f936fad89763d
512,0x27878afd9e691936d71cc660b0a809ac1fa4ef89,USDC,Avalanche,BNB CHAIN,Fantom,620bb29b854f936fad89763d,620bbbb3854f936fad897b30
513,0xe9662e11d945da0dfff4f403e2943bab073f7e4a,USDC,Ethereum,Fantom,Polygon,620c98afd3ea681f35ec11ba,620c9bf5d3ea681f35ec1232
514,0x29b66d98e286ed258206c0c1c48149e2dd1b5d7e,USDC,Avalanche,BNB CHAIN,Fantom,620e2d8462d48eee70edf560,620e2e3f62d48eee70edf580
515,0x66da505374debe131e8612e9fea7a13c13797705,USDC,Ethereum,Fantom,Avalanche,620b8e30d3ea681f35ebe55a,620b8f25d3ea681f35ebe582
516,0x79d91cfaa3cc927ea04b54d6fccc996d82b52ad9,USDT,BNB CHAIN,Polygon,BNB CHAIN,620a5e4d854f936fad88cf0d,620a617a854f936fad88d0f6
517,0x459c05a6b13cfa6ecf1d72adb085f7d4a1dd194c,USDT,BNB CHAIN,Fantom,Avalanche,620b3fb2d3ea681f35ebd950,620b3ff0d3ea681f35ebd959
518,0x3e1cdce2639ebb852137e8c6357ba600878e3a54,MIM,Fantom,Ethereum,Fantom,620a4308d3ea681f35ebb443,620a477dd3ea681f35ebb4dc
519,0x5608fba151d064476138b0e4fd15500e65999cbe,AVAX,Avalanche,Fantom,Avalanche,62095ba7d3ea681f35eb93c4,62095c57d3ea681f35eb93e7
520,0xd58eb25a323e5e9b60f043957ab4f165ce7078b4,DAI,Avalanche,Fantom,BNB CHAIN,620f28f96e600401c2649cf3,620f29376e600401c2649cf9
521,0xcc91c165d7c2b6ff74ed1148cacf905df3b41a45,DAI,Fantom,Avalanche,Fantom,620b0c1ed3ea681f35ebd22d,620b0dfbd3ea681f35ebd273
522,0xf867eff2a419b21bd2732ac05c4715a15714bd3a,USDT,BNB CHAIN,Fantom,BNB CHAIN,6209b98a2219a24b7e94d0a3,6209bd112219a24b7e94d136
523,0xe7bb22497d21982b49b5e0bd1b3278465b64da30,USDC,Avalanche,Fantom,BNB CHAIN,620bbc89854f936fad897c19,620bc784854f936fad898767
524,0x00cf291c713f204b1ac03f86a8ed5d11acb4fb7a,USDC,Ethereum,Fantom,Avalanche,620e5bbcdcf15fd1a4280896,620e5d1462d48eee70ee0afc
525,0x00cf291c713f204b1ac03f86a8ed5d11acb4fb7a,USDC,Fantom,Avalanche,BNB CHAIN,620e5d1462d48eee70ee0afc,620e5e7562d48eee70ee0c7a
526,0xb07ce525538ef4149ae5e68d180421ffdf30d7d2,USDC,Avalanche,Fantom,Avalanche,620a7c0fd3ea681f35ebbcd9,620a81d5d3ea681f35ebbdcc
527,0xb07ce525538ef4149ae5e68d180421ffdf30d7d2,USDC,Avalanche,Fantom,Avalanche,620d1e5cd3ea681f35ec25af,620d2beed3ea681f35ec27f4
528,0x88394aff692837ebfadf528c95c8d513e38fe3c1,DAI,Ethereum,Fantom,Avalanche,620c8dadd3ea681f35ec1057,620c8e22d3ea681f35ec1067
529,0x180801e23e0ef5864dc00df7d750a567135141b9,USDT,Ethereum,BNB CHAIN,Avalanche,6209d4962219a24b7e94d57d,6209d7642219a24b7e94d5d8
530,0x5f933c715a1b5d5050c31fc5d10a16c9c4cf450e,ETH,BNB CHAIN,Fantom,Avalanche,620a27f9854f936fad88c549,620a361d854f936fad88c7ea
531,0xc776b425310c0ee467a64129b19da08b7ad97845,MIM,Fantom,Avalanche,Fantom,620a3221d3ea681f35ebb245,620a33fed3ea681f35ebb27d
532,0xfedc4a94b47bb21d08fe9ad51d8fd4bda73fb21b,USDT,Ethereum,Avalanche,Polygon,6209e1492219a24b7e94d77c,6209ebe52219a24b7e94da01
533,0x80146786020d9f90ef154224ca39801486546773,USDT,Ethereum,Fantom,BNB CHAIN,620b54fdd3ea681f35ebdc1f,620b5542d3ea681f35ebdc2a
534,0x04fe93bb8547607eb83e58dcdc48be8ae8381ac5,AVAX,Fantom,Avalanche,Fantom,620c264ed3ea681f35ec00bf,620c3a76d3ea681f35ec0427
535,0xd3971c19a184b4d7c37c91e821aa1b42acc0ba38,USDT,Polygon,Fantom,Avalanche,620d24e1d3ea681f35ec26c6,620d255dd3ea681f35ec26df
536,0xb2c709ab6c48b4226206a421d2f1a2ce1cc73a19,USDC,BNB CHAIN,Avalanche,BNB CHAIN,620991032219a24b7e94c86b,620996022219a24b7e94c910
537,0x2f260959bf5d3acbadd912884621a5f906ccc3bb,USDC,Polygon,Avalanche,BNB CHAIN,620b141fd3ea681f35ebd34e,620b1877854f936fad894a23
538,0x2211f83b542e424c0150d45186c6d186c31f55a6,MATIC,Fantom,Polygon,Fantom,620c3858d3ea681f35ec03bc,620c426ed3ea681f35ec0567
539,0x6c9c8e73063e2e0e8773a19f71bc1c74962c5afe,MIM,Avalanche,Fantom,Avalanche,620d7fc23c8253c5fb8bb919,620d8a5d3c8253c5fb8bbb33
540,0xc88288a42761531f35ecfeb37873fd4cf1a5e094,USDC,Fantom,Avalanche,BNB CHAIN,620ea4e362d48eee70ee449c,620ea65e62d48eee70ee4589
541,0xcaa3d7ee11343d2927710914ccd30e97343eb619,USDT,Avalanche,Fantom,BNB CHAIN,620ba871d3ea681f35ebe9b8,620ba8afd3ea681f35ebe9c4
542,0x61c3c80f52aca5877509f3658851d92f4c74fa41,MIM,BNB CHAIN,Fantom,Avalanche,620c1188d3ea681f35ebfd48,620c11efd3ea681f35ebfd65
543,0x4f896ddcf8fc28691120d5eceaa581a35a53df2f,AVAX,Avalanche,Fantom,Avalanche,620b8d3ed3ea681f35ebe534,620b8ee1d3ea681f35ebe574
544,0xb15be4bee361a9bd318f9a02356ffceff021701e,DAI,Polygon,BNB CHAIN,Ethereum,620e71e862d48eee70ee2385,620e752d62d48eee70ee2789
545,0x5b0493915b7dbbc02dab42d0fdf9cbd4f73857f8,USDT,BNB CHAIN,Fantom,Avalanche,620e6c2bdcf15fd1a4280b53,620e6f0fdcf15fd1a4280bc5
546,0x10bdfb1e9b1db765d951cd2427cd5a3092dce3df,USDT,Avalanche,Fantom,Polygon,620e8105dcf15fd1a4280ed0,620e8025dcf15fd1a4280eac
547,0x734b507ede2a3b2a82b5228bb4d6369abf549fed,USDT,Avalanche,Fantom,Avalanche,620d54fed3ea681f35ec2f40,620d58b2d3ea681f35ec3004
548,0x734b507ede2a3b2a82b5228bb4d6369abf549fed,USDT,Avalanche,Fantom,Polygon,620e67badcf15fd1a4280a9c,620e6bafdcf15fd1a4280b40
549,0x734b507ede2a3b2a82b5228bb4d6369abf549fed,ETH,Polygon,Fantom,Avalanche,620e7fe8dcf15fd1a4280e9f,620e8025dcf15fd1a4280ea7
550,0xcc9ccb52bc340398e2f677fbf31f23e169b3798d,TOMB,Fantom,Polygon,Fantom,620d22673c8253c5fb8b92fb,620d27963c8253c5fb8b93ee
551,0x05ba14e98c4126a424244d61df4d958bbfe1243b,USDC,BNB CHAIN,Fantom,Avalanche,620e67badcf15fd1a4280a9b,620e683adcf15fd1a4280aaa
552,0xdc0d85b13a6a3bb2cff00caf931c64bc7bd36258,AVAX,Fantom,Avalanche,Fantom,620d18e6d3ea681f35ec2497,620d1b3cd3ea681f35ec2503
553,0xf77d30fa73cfe734614e4a8ed523b1bc98a90e59,BNB,Fantom,BNB CHAIN,Fantom,620ba7fbd3ea681f35ebe992,620bae4cd3ea681f35ebeac8
554,0x75298aa85e6f086915ceef3ba84bccde84eed3d0,USDT,Avalanche,Fantom,BNB CHAIN,620e5793dcf15fd1a42807e2,620e5b47dcf15fd1a428088f
555,0xb13ed687bd8d8be4343c355b4af113fa2970c4f2,MIM,Avalanche,Fantom,BNB CHAIN,620a2dafd3ea681f35ebb1bc,620a2e69d3ea681f35ebb1cd
556,0x13725acff0bccd160fa6cc7bea4a7489735556de,USDC,Ethereum,BNB CHAIN,Avalanche,620bbbc5854f936fad897b46,620bbcce854f936fad897c6d
557,0xdb2fe6f2cfbaa7ee112eb0c008e3b07bc22801b1,USDC,Fantom,BNB CHAIN,Polygon,620e49be62d48eee70edfe50,620e515262d48eee70ee03da
558,0xf832ad34ddf19575e60a6bcf71447c1c825bcc68,USDC,Avalanche,BNB CHAIN,Avalanche,6209ceab2219a24b7e94d492,6209cfbe2219a24b7e94d4b0
559,0xde6749a2236ec64aa2ec2d0564686a55196245de,USDC,Fantom,Polygon,BNB CHAIN,620b73aa854f936fad8964b4,620b7d28d3ea681f35ebe237
560,0xe7f37f8cb9f10d1212f2628c1afa7718568b94a4,DAI,BNB CHAIN,Fantom,BNB CHAIN,620d218fd3ea681f35ec2637,620d230cd3ea681f35ec2677
561,0xe7f37f8cb9f10d1212f2628c1afa7718568b94a4,DAI,Fantom,BNB CHAIN,Fantom,620d230cd3ea681f35ec2677,620d263fd3ea681f35ec2700
562,0xcfb0f84cb674126c3eb6c61ff4217db3e78900f3,USDC,Polygon,Fantom,Ethereum,620af8e1d3ea681f35ebcf83,620b023ed3ea681f35ebd0c1
563,0x05d9c89354dca9f97862854ab20eceb9c9dd71ce,ETH,Avalanche,Fantom,Polygon,620ddeccdcf15fd1a427f839,620dde6adcf15fd1a427f830
564,0x5033fc2e041112124a568f102bd20cf3f7d3e5b6,AVAX,Avalanche,Fantom,Avalanche,62093570d3ea681f35eb8d06,62093a99d3ea681f35eb8ddd
565,0x01977c44632eefb5b2868e18c902584ccad574d7,USDC,Polygon,Fantom,BNB CHAIN,620b0656854f936fad894736,620b11ae854f936fad89492a
566,0x4dfaad6a4273c958f2b8eecdc7b2972c84af7e6e,DAI,Avalanche,Fantom,Avalanche,62092550d3ea681f35eb8a6f,62092b5fd3ea681f35eb8b73
567,0x92adefeef9c47c2ef48065d0db820845626985b4,USDC,Avalanche,Fantom,BNB CHAIN,620bd950d3ea681f35ebf31e,620bda2cd3ea681f35ebf34d
568,0x9fb35b9eaf6bf0bab75a41c678d99394f25522f8,DAI,Polygon,Fantom,Avalanche,6209a2abd3ea681f35eb9f7c,6209a327d3ea681f35eb9f90
569,0x9fb35b9eaf6bf0bab75a41c678d99394f25522f8,MIM,BNB CHAIN,Fantom,Avalanche,620d9a8fd3ea681f35ec3abe,620d9bedd3ea681f35ec3af2
570,0x232ba3d67a9449f901776435ccd91fd423bc153f,ETH,Ethereum,BNB CHAIN,Ethereum,620bb388854f936fad89765b,620bb7abd3ea681f35ebec82
571,0xbbf1534683379cb7208a18eebf8d20f477d4b0b9,ETH,BNB CHAIN,Ethereum,BNB CHAIN,62093803d3ea681f35eb8d72,620943402219a24b7e94b9ab
572,0xbbf1534683379cb7208a18eebf8d20f477d4b0b9,ETH,Ethereum,BNB CHAIN,Ethereum,620976a02219a24b7e94c472,6209828bd3ea681f35eb9aad
573,0xb8b31f064f2e53d035967d39bccec1d4f8e8ea14,USDC,Fantom,BNB CHAIN,Fantom,620d4576d3ea681f35ec2c55,620d4942d3ea681f35ec2cf9
574,0x65ac0f8ac5ae45f64d6f705b559ae62c88f7540b,DAI,BNB CHAIN,Fantom,Polygon,620d4db4d3ea681f35ec2dbe,620d4fd7d3ea681f35ec2e38
575,0x9ecc44f7d2f49d9ff730b91a7df0c87d93cbdc72,USDC,BNB CHAIN,Fantom,BNB CHAIN,620b6a87854f936fad896245,620b6dd6854f936fad89638a
576,0x6d1f1f4eadfa4503765e6fc6f71bb724ae5ff333,USDC,Polygon,Fantom,BNB CHAIN,620b68c7d3ea681f35ebdf07,620b692bd3ea681f35ebdf21
577,0xbe516ceaef2c79abc834332a6a72de1288eb0c13,USDC,Polygon,Fantom,Polygon,620c7ef3d3ea681f35ec0e73,620c8459d3ea681f35ec0f27
578,0xddacfba755f623ac4a8ba022fb22dafc6e47d850,USDC,Ethereum,BNB CHAIN,Fantom,620b1170854f936fad894924,620b194e854f936fad894a4a
579,0xddacfba755f623ac4a8ba022fb22dafc6e47d850,USDC,BNB CHAIN,Fantom,BNB CHAIN,620b194e854f936fad894a4a,620b24de854f936fad894be9
580,0xeed926bffca136465f5e31de7f92d4786b712baa,USDC,BNB CHAIN,Polygon,Fantom,620baf01854f936fad89757d,620bb349d3ea681f35ebebbe
581,0x01b9bb27e941abf8ee4191bb9c3f9bd121cfcafb,DAI,Polygon,BNB CHAIN,Ethereum,620bbaea854f936fad897a5d,620bc16e854f936fad898307
582,0xa3ee74a2487d21d04dcc13a95221d5e2985fc292,USDT,Fantom,Polygon,BNB CHAIN,620ab3de854f936fad8909dd,620ab590854f936fad890c18
583,0xdfe66b7dd823531f32e002209d6ccd5552c6c356,USDC,Fantom,BNB CHAIN,Fantom,620a3cb9d3ea681f35ebb39e,620a4345d3ea681f35ebb453
584,0x67305d96e57db00cac63016e1f08f0d7a0f0e32c,USDC,Fantom,Polygon,BNB CHAIN,62097d522219a24b7e94c572,62097e802219a24b7e94c58f
585,0xbc4a19e7a818393375245c741e8764ab80b54942,USDC,Fantom,BNB CHAIN,Avalanche,6209e9ab2219a24b7e94d8d9,6209ea8c2219a24b7e94d950
586,0xd0f44659f2504f3ed61167ef7c4f1aa33d0cbb69,FTM,Ethereum,Fantom,Ethereum,6209e448d3ea681f35eba7ef,6209e71ad3ea681f35eba84e
587,0x70073b17015a14888b4d5d31f69b9d23ad88df1c,USDT,Avalanche,Fantom,Avalanche,620aeb4ad3ea681f35ebcdaf,620af60ed3ea681f35ebcf32
588,0x0a412220cf0d456c6a9715fd150cdc2653d986d5,USDC,Polygon,Fantom,BNB CHAIN,620c2566d3ea681f35ec0099,620c2620d3ea681f35ec00b9
589,0x36a62cb58e9a54d682b7aea70a16e03d78dfb845,AVAX,Fantom,Avalanche,Fantom,620bb427d3ea681f35ebebef,620bbc99d3ea681f35ebed94
590,0x883f297d9da0da6aa69351f7bb050d0318a519aa,AVAX,Avalanche,Fantom,Avalanche,6209d2772219a24b7e94d54c,6209d4692219a24b7e94d57a
591,0x983bee03312dd30aeb09762c1a27c560703ad85d,MIM,Avalanche,Fantom,BNB CHAIN,620bc8dcd3ea681f35ebefd8,620bca3fd3ea681f35ebf025
592,0x3679d49c74e61d31325b157a6d7b84aee6c0bfb4,DERC,Polygon,BNB CHAIN,Ethereum,620b8d01854f936fad896bb1,620b9267d3ea681f35ebe5f5
593,0xbd1d0c6d8149d7f34e095db602fd2c80d1a5c460,USDC,Avalanche,Fantom,Avalanche,620972e4d3ea681f35eb9818,62097e20d3ea681f35eb99f5
594,0x8cffca8159dca672fd7d3a3421d43d7bc6a5c0de,USDT,Ethereum,Fantom,BNB CHAIN,620bb339d3ea681f35ebebba,620bb526d3ea681f35ebec18
595,0x696226c3b647da8d72f1be0c20c3184d0a5d7cff,BNB,BNB CHAIN,Fantom,BNB CHAIN,6209fbf6d3ea681f35ebab4a,6209fc33d3ea681f35ebab56
596,0x76b60dcf71da2294f8aa034432d925d1eed8cf68,ALPACA,BNB CHAIN,Fantom,BNB CHAIN,620b66eb854f936fad8961a8,620b6946854f936fad896216
597,0xc76dc921f6f98e44e428fbb82d892dc05d24acd9,USDC,Avalanche,Fantom,BNB CHAIN,620b1580d3ea681f35ebd38c,620b163bd3ea681f35ebd39a
598,0xa0753965deef4d98e09451c184a87eba84d414b6,USDC,BNB CHAIN,Fantom,Ethereum,620b80d5d3ea681f35ebe2cd,620b8186d3ea681f35ebe2e5
599,0x79ad40f9d8efee9f9b3dadbdce1e730125135450,USDC,BNB CHAIN,Avalanche,Fantom,620b7afe854f936fad896623,620b7cab854f936fad896661
600,0xd1fb7f3b6516e66d1ceb20bb350eaad278d13045,USDT,BNB CHAIN,Polygon,BNB CHAIN,620b727f854f936fad896483,620b7317854f936fad8964a5
601,0x5bd2103a5be7a44a5473cd360b6384528042f450,DAI,BNB CHAIN,Fantom,Avalanche,62098529d3ea681f35eb9b2e,62098706d3ea681f35eb9b71
602,0xe6db3bedacb8b3738f84ae5a5033efe19d350c2c,USDC,Polygon,Fantom,Polygon,620b3e28854f936fad895064,620b409c854f936fad895105
603,0x9cd18468c81e72e51140a641df132f690355f446,USDC,BNB CHAIN,Fantom,Avalanche,620b333ed3ea681f35ebd784,620b33fad3ea681f35ebd79e
604,0x9c4144fc1e359d13bb40d6b0770f630bbf79f7b8,DAI,Avalanche,Fantom,BNB CHAIN,620aeb96854f936fad8942da,620af4ac854f936fad8944be
605,0x4bba8e6c3f6fd8846112a9cbfe9004961149f325,USDT,Fantom,Polygon,Avalanche,620ad56d854f936fad89327a,620ad9e5854f936fad8936d5
606,0x0ea1d39a6bbcf3343a9a1e4fd16f45b4986a5552,USDT,Ethereum,BNB CHAIN,Avalanche,6209a5062219a24b7e94cd2b,6209a7002219a24b7e94cdc9
607,0x5e70215488d000dfe6fe826a594b10d2711ed40e,BNB,Avalanche,BNB CHAIN,Fantom,620ab6ffd3ea681f35ebc637,620ab713854f936fad890e4d
608,0x4cc5d8f69608fd4f773aa0e89bcc1c0d4676c9d4,USDC,BNB CHAIN,Polygon,Avalanche,620a69eb854f936fad88d3f4,620a6ce9854f936fad88d4c3
609,0x84ecf5b9bc10b75be54ae2c61f091eb499d1d040,USDC,BNB CHAIN,Polygon,Fantom,62097ac52219a24b7e94c527,62097b692219a24b7e94c53f
610,0x8d99b04afbb05034e83ae73fe542edb2fa9a2152,USDT,Polygon,BNB CHAIN,Polygon,620a3f8f854f936fad88c959,620a4d90854f936fad88cc04
611,0x29f1327bb1d97c50ac4b62d7686de154d40d207a,ETH,Ethereum,BNB CHAIN,Ethereum,620a41b4854f936fad88c9b9,620a4641d3ea681f35ebb4a7
612,0x29f1327bb1d97c50ac4b62d7686de154d40d207a,ETH,BNB CHAIN,Ethereum,BNB CHAIN,620a4641d3ea681f35ebb4a7,620a4834854f936fad88cb1c
613,0x6f09e3fd9caf2a8b3c7e9fccd2423b17b9d8e383,USDT,BNB CHAIN,Fantom,Polygon,620a00ead3ea681f35ebac04,620a0306d3ea681f35ebac65
614,0xf2600daa361b56fda2c230764bdabd8a20e2170e,USDC,BNB CHAIN,Fantom,Avalanche,62099d53d3ea681f35eb9ed2,62099dfcd3ea681f35eb9ee4
615,0xcf764c5fd639d6ebfead0269584fd7101972481e,DAI,Avalanche,Fantom,Avalanche,62097133d3ea681f35eb97d6,620979edd3ea681f35eb9946
616,0xa6da331c2816dae3e8945a3b41cc162e695b0329,USDT,Avalanche,Fantom,BNB CHAIN,62095866d3ea681f35eb9340,62095fecd3ea681f35eb94a7
617,0x425fdba08f79b941d881079d0a2a7d967a9e1ec2,USDC,BNB CHAIN,Avalanche,Polygon,620939af2219a24b7e94b758,620943922219a24b7e94b9c8
618,0x48d88d03e238feb24f0a29a3731f07da46f30bb7,USDC,Polygon,Fantom,BNB CHAIN,62095613d3ea681f35eb92de,6209570bd3ea681f35eb9302
619,0x7eabf31f7db8147d1aaf88a50a548d7100dcc851,USDT,BNB CHAIN,Fantom,Avalanche,620951d7d3ea681f35eb9206,62095254d3ea681f35eb9225
620,0x297751960dad09c6d38b73538c1cce45457d796d,ETH,Avalanche,Fantom,BNB CHAIN,6209430ed3ea681f35eb8f94,6209434bd3ea681f35eb8f9c
621,0xf7cb3954a43472c3ca9d7772bf61a0da46497960,USDC,BNB CHAIN,Fantom,Avalanche,62092e592219a24b7e94b59f,620933382219a24b7e94b63e
